additional_game_frames,lineage_game_frames,uptime_seconds,perf,episode_length,normal_flag,timeouts,contact_success_rate,contact_episodes,approach_success_rate,approach_episodes,jump_success_rate,jump_episodes,stairs_success_rate,stairs_episodes,entropy
32768,67141632,0.103,0.891,11.625,0.109,0.0,0.942,0.793,0.883,0.134,0.396,0.064,0.0,0.008,2.31
294912,67403776,0.726,0.713,55.058,0.12,0.167,0.874,0.7,0.765,0.108,0.199,0.094,0.0,0.098,2.387
589824,67698688,1.371,0.718,53.228,0.125,0.156,0.875,0.7,0.759,0.107,0.251,0.099,0.0,0.094,2.38
884736,67993600,2.031,0.694,58.56,0.126,0.18,0.861,0.669,0.766,0.121,0.245,0.103,0.0,0.106,2.389
1179648,68288512,2.689,0.693,56.868,0.144,0.163,0.869,0.522,0.794,0.28,0.172,0.103,0.0,0.096,2.36
1474560,68583424,3.346,0.681,59.497,0.153,0.166,0.866,0.342,0.801,0.453,0.214,0.1,0.0,0.104,2.337
1769472,68878336,4.027,0.678,60.999,0.16,0.162,0.872,0.216,0.802,0.579,0.236,0.109,0.002,0.096,2.318
2064384,69173248,4.693,0.66,62.785,0.174,0.166,0.844,0.149,0.794,0.639,0.235,0.112,0.0,0.1,2.315
2326528,69435392,5.296,0.664,61.499,0.183,0.153,0.867,0.131,0.805,0.645,0.232,0.133,0.0,0.091,2.31
2621440,69730304,5.958,0.61,71.869,0.2,0.191,0.857,0.124,0.794,0.581,0.216,0.196,0.0,0.099,2.343
2883584,69992448,6.565,0.582,74.967,0.221,0.198,0.875,0.118,0.806,0.525,0.218,0.253,0.0,0.104,2.353
3145728,70254592,7.171,0.54,81.53,0.242,0.218,0.871,0.116,0.806,0.447,0.232,0.337,0.0,0.099,2.368
3407872,70516736,7.774,0.486,90.874,0.265,0.249,0.838,0.114,0.782,0.376,0.231,0.418,0.0,0.092,2.386
3670016,70778880,8.391,0.455,98.415,0.277,0.268,0.857,0.113,0.803,0.299,0.241,0.487,0.004,0.101,2.398
3932160,71041024,9.013,0.404,102.474,0.313,0.283,0.893,0.095,0.765,0.264,0.219,0.536,0.0,0.105,2.407
4194304,71303168,9.621,0.409,103.835,0.305,0.286,0.869,0.103,0.794,0.24,0.23,0.559,0.0,0.098,2.406
4456448,71565312,10.235,0.395,108.98,0.295,0.31,0.874,0.098,0.816,0.204,0.241,0.592,0.0,0.105,2.41
4718592,71827456,10.871,0.376,108.054,0.329,0.295,0.842,0.109,0.799,0.182,0.227,0.612,0.0,0.097,2.41
4980736,72089600,11.507,0.384,111.373,0.302,0.314,0.883,0.113,0.803,0.164,0.243,0.627,0.0,0.095,2.414
5242880,72351744,12.153,0.374,112.189,0.308,0.318,0.864,0.117,0.816,0.16,0.224,0.631,0.0,0.092,2.414
5505024,72613888,12.782,0.353,115.576,0.312,0.335,0.879,0.109,0.778,0.138,0.231,0.65,0.0,0.103,2.42
5767168,72876032,13.41,0.347,115.668,0.325,0.328,0.844,0.097,0.774,0.148,0.231,0.647,0.004,0.107,2.42
6029312,73138176,14.035,0.369,113.851,0.314,0.317,0.84,0.111,0.791,0.141,0.256,0.642,0.0,0.106,2.417
6291456,73400320,14.666,0.333,118.415,0.332,0.335,0.861,0.104,0.803,0.121,0.22,0.668,0.0,0.107,2.424
6553600,73662464,15.288,0.357,116.299,0.307,0.336,0.867,0.087,0.799,0.136,0.255,0.68,0.0,0.097,2.418
6815744,73924608,15.943,0.373,115.335,0.294,0.332,0.831,0.107,0.8,0.138,0.267,0.649,0.004,0.106,2.415
7077888,74186752,16.576,0.361,113.422,0.32,0.319,0.892,0.099,0.82,0.134,0.243,0.669,0.004,0.098,2.418
7340032,74448896,17.218,0.357,115.409,0.323,0.32,0.841,0.105,0.791,0.12,0.258,0.671,0.0,0.103,2.418
7602176,74711040,17.843,0.369,114.497,0.306,0.325,0.891,0.105,0.827,0.142,0.24,0.662,0.0,0.092,2.416
7864320,74973184,18.5,0.346,115.15,0.336,0.318,0.872,0.096,0.842,0.128,0.228,0.676,0.0,0.1,2.42
8126464,75235328,19.128,0.356,115.619,0.316,0.328,0.864,0.104,0.767,0.127,0.253,0.665,0.0,0.104,2.418
8388608,75497472,19.777,0.354,114.313,0.326,0.32,0.833,0.096,0.76,0.145,0.252,0.648,0.004,0.111,2.417
8650752,75759616,20.42,0.38,113.825,0.299,0.321,0.883,0.115,0.808,0.138,0.258,0.648,0.0,0.099,2.416
8912896,76021760,21.057,0.359,116.559,0.311,0.33,0.866,0.103,0.802,0.131,0.245,0.671,0.005,0.095,2.421
9175040,76283904,21.687,0.347,114.899,0.331,0.322,0.869,0.102,0.773,0.139,0.226,0.663,0.005,0.096,2.421
9437184,76546048,22.293,0.36,116.26,0.311,0.329,0.872,0.098,0.765,0.139,0.253,0.664,0.0,0.099,2.419
9699328,76808192,22.909,0.384,109.772,0.317,0.299,0.889,0.094,0.811,0.152,0.272,0.651,0.0,0.103,2.411
9961472,77070336,23.52,0.363,116.291,0.306,0.331,0.869,0.099,0.776,0.152,0.245,0.65,0.0,0.099,2.42
10223616,77332480,24.13,0.365,115.383,0.312,0.323,0.87,0.091,0.814,0.139,0.258,0.669,0.0,0.101,2.418
10387456,77496320,27.449,0.374,110.62,0.329,0.297,0.887,0.091,0.761,0.137,0.278,0.679,0.0,0.093,2.413
10649600,77758464,28.06,0.366,117.54,0.297,0.337,0.894,0.093,0.776,0.128,0.274,0.669,0.0,0.11,2.419
10911744,78020608,28.697,0.376,113.612,0.303,0.321,0.898,0.102,0.799,0.146,0.258,0.649,0.004,0.103,2.416
11173888,78282752,29.324,0.367,113.31,0.318,0.315,0.905,0.096,0.774,0.133,0.26,0.678,0.0,0.092,2.416
11436032,78544896,29.939,0.368,115.503,0.301,0.331,0.876,0.109,0.858,0.132,0.245,0.65,0.0,0.109,2.418
11698176,78807040,30.546,0.365,114.413,0.314,0.321,0.841,0.11,0.771,0.13,0.264,0.655,0.0,0.105,2.416
11960320,79069184,31.175,0.356,115.153,0.328,0.315,0.877,0.1,0.787,0.118,0.256,0.685,0.0,0.097,2.419
12222464,79331328,31.785,0.363,118.572,0.295,0.342,0.865,0.094,0.828,0.131,0.258,0.672,0.0,0.103,2.419
12484608,79593472,32.4,0.388,109.612,0.314,0.299,0.892,0.105,0.826,0.119,0.284,0.691,0.0,0.086,2.411
12746752,79855616,33.022,0.35,114.432,0.335,0.315,0.866,0.094,0.777,0.121,0.252,0.695,0.0,0.09,2.415
13008896,80117760,33.629,0.38,113.764,0.302,0.318,0.853,0.108,0.801,0.119,0.287,0.669,0.004,0.104,2.412
13271040,80379904,34.253,0.345,114.356,0.333,0.322,0.884,0.11,0.751,0.113,0.237,0.686,0.0,0.091,2.418
13533184,80642048,34.872,0.384,113.389,0.297,0.319,0.894,0.094,0.828,0.138,0.274,0.679,0.0,0.089,2.413
13795328,80904192,35.522,0.383,111.764,0.316,0.301,0.913,0.103,0.795,0.125,0.288,0.662,0.0,0.111,2.413
14057472,81166336,36.174,0.352,115.984,0.33,0.318,0.87,0.091,0.819,0.115,0.262,0.683,0.0,0.112,2.42
14319616,81428480,36.805,0.388,112.085,0.303,0.308,0.898,0.105,0.807,0.115,0.291,0.687,0.005,0.092,2.41
14581760,81690624,37.439,0.353,116.38,0.316,0.331,0.854,0.098,0.798,0.108,0.269,0.682,0.0,0.112,2.417
14843904,81952768,38.064,0.364,115.2,0.312,0.324,0.867,0.099,0.811,0.126,0.263,0.669,0.0,0.106,2.419
15106048,82214912,38.676,0.36,116.097,0.319,0.32,0.87,0.101,0.753,0.109,0.274,0.697,0.0,0.094,2.418
15368192,82477056,39.29,0.375,114.01,0.312,0.313,0.877,0.09,0.805,0.113,0.294,0.7,0.0,0.097,2.413
15630336,82739200,39.908,0.381,113.066,0.302,0.317,0.833,0.105,0.821,0.117,0.294,0.671,0.004,0.107,2.413
15892480,83001344,40.527,0.366,113.809,0.324,0.31,0.87,0.1,0.753,0.121,0.275,0.682,0.0,0.096,2.417
16154624,83263488,41.141,0.374,113.648,0.312,0.313,0.896,0.096,0.798,0.113,0.286,0.691,0.0,0.1,2.413
16416768,83525632,41.78,0.372,114.057,0.311,0.318,0.838,0.094,0.836,0.12,0.282,0.682,0.004,0.104,2.415
16678912,83787776,42.402,0.361,119.314,0.295,0.344,0.876,0.091,0.806,0.113,0.275,0.687,0.004,0.109,2.419
16941056,84049920,43.033,0.389,111.61,0.304,0.307,0.848,0.109,0.799,0.123,0.293,0.675,0.009,0.092,2.411
17203200,84312064,43.663,0.371,114.9,0.311,0.317,0.863,0.099,0.862,0.104,0.28,0.701,0.0,0.096,2.411
17465344,84574208,44.29,0.383,112.274,0.306,0.312,0.903,0.102,0.794,0.115,0.292,0.682,0.0,0.101,2.412
17727488,84836352,44.913,0.372,114.233,0.311,0.317,0.892,0.109,0.828,0.101,0.275,0.696,0.0,0.094,2.419
17989632,85098496,45.523,0.361,117.388,0.311,0.328,0.867,0.098,0.864,0.103,0.273,0.686,0.0,0.113,2.42
18251776,85360640,46.148,0.35,120.18,0.31,0.34,0.868,0.09,0.787,0.109,0.267,0.702,0.0,0.1,2.421
18513920,85622784,46.782,0.392,113.185,0.297,0.311,0.849,0.104,0.815,0.113,0.311,0.68,0.0,0.103,2.414
18776064,85884928,47.408,0.379,112.518,0.315,0.306,0.855,0.093,0.824,0.108,0.301,0.699,0.0,0.1,2.411
19038208,86147072,48.035,0.384,113.556,0.302,0.313,0.871,0.098,0.833,0.118,0.295,0.68,0.0,0.105,2.415
19300352,86409216,48.688,0.381,114.822,0.301,0.318,0.88,0.102,0.841,0.115,0.285,0.679,0.0,0.103,2.417
19562496,86671360,49.326,0.393,114.35,0.29,0.317,0.824,0.096,0.795,0.119,0.319,0.687,0.0,0.098,2.413
19824640,86933504,49.95,0.37,113.559,0.321,0.308,0.847,0.105,0.779,0.11,0.282,0.697,0.0,0.088,2.415
20086784,87195648,50.571,0.364,115.455,0.317,0.32,0.852,0.098,0.775,0.108,0.284,0.691,0.004,0.102,2.419
20348928,87457792,51.193,0.376,116.122,0.301,0.323,0.836,0.096,0.796,0.121,0.295,0.676,0.0,0.107,2.417
20611072,87719936,51.813,0.4,112.455,0.291,0.309,0.874,0.108,0.825,0.121,0.3,0.684,0.0,0.086,2.414
20873216,87982080,52.429,0.366,116.875,0.31,0.324,0.901,0.09,0.814,0.1,0.284,0.718,0.0,0.093,2.416
21135360,88244224,53.058,0.381,115.616,0.3,0.319,0.842,0.109,0.829,0.093,0.301,0.704,0.0,0.094,2.416
21397504,88506368,53.671,0.392,112.826,0.294,0.314,0.865,0.102,0.807,0.125,0.302,0.671,0.0,0.102,2.411
21659648,88768512,54.309,0.371,114.575,0.318,0.312,0.829,0.088,0.827,0.107,0.295,0.706,0.0,0.098,2.415
21921792,89030656,54.941,0.385,115.315,0.287,0.328,0.865,0.102,0.805,0.125,0.291,0.672,0.0,0.1,2.418
22183936,89292800,55.595,0.386,112.343,0.306,0.308,0.838,0.114,0.782,0.122,0.293,0.666,0.004,0.099,2.413
22446080,89554944,56.214,0.412,109.23,0.292,0.296,0.895,0.109,0.837,0.122,0.314,0.678,0.0,0.092,2.409
22708224,89817088,56.842,0.387,114.848,0.29,0.323,0.846,0.105,0.861,0.109,0.299,0.683,0.0,0.103,2.414
22970368,90079232,57.458,0.375,114.528,0.308,0.317,0.861,0.091,0.813,0.115,0.292,0.696,0.0,0.098,2.415
23232512,90341376,58.076,0.377,113.771,0.314,0.309,0.849,0.104,0.83,0.097,0.293,0.712,0.0,0.087,2.415
23494656,90603520,58.706,0.375,112.116,0.32,0.305,0.897,0.103,0.789,0.119,0.274,0.688,0.005,0.091,2.417
23756800,90865664,59.324,0.393,111.495,0.302,0.305,0.88,0.11,0.799,0.112,0.304,0.681,0.0,0.097,2.413
23920640,91029504,62.66,0.411,109.562,0.288,0.3,0.862,0.103,0.85,0.113,0.333,0.682,0.0,0.103,2.409
24182784,91291648,63.278,0.371,115.75,0.306,0.323,0.869,0.105,0.826,0.104,0.281,0.691,0.0,0.101,2.419
24444928,91553792,63.914,0.378,112.881,0.318,0.305,0.847,0.109,0.777,0.11,0.293,0.68,0.004,0.101,2.414
24707072,91815936,64.556,0.39,112.34,0.306,0.303,0.858,0.108,0.804,0.101,0.318,0.682,0.0,0.11,2.412
24969216,92078080,65.18,0.399,111.191,0.302,0.3,0.899,0.101,0.826,0.112,0.314,0.686,0.0,0.1,2.41
25231360,92340224,65.803,0.391,113.096,0.293,0.316,0.871,0.104,0.808,0.113,0.303,0.69,0.0,0.093,2.413
25493504,92602368,66.42,0.388,114.201,0.29,0.322,0.847,0.102,0.854,0.107,0.303,0.697,0.0,0.095,2.413
25755648,92864512,67.038,0.394,113.113,0.293,0.313,0.891,0.096,0.815,0.117,0.305,0.698,0.0,0.089,2.412
26017792,93126656,67.662,0.375,115.669,0.306,0.318,0.878,0.098,0.824,0.098,0.295,0.705,0.0,0.098,2.417
26279936,93388800,68.288,0.387,113.856,0.304,0.309,0.833,0.106,0.819,0.103,0.311,0.691,0.0,0.101,2.414
26542080,93650944,68.908,0.379,111.899,0.316,0.305,0.861,0.095,0.789,0.119,0.298,0.683,0.004,0.103,2.413
26804224,93913088,69.527,0.386,115.556,0.29,0.325,0.857,0.102,0.843,0.113,0.299,0.679,0.0,0.106,2.416
27066368,94175232,70.142,0.381,114.032,0.305,0.314,0.827,0.105,0.788,0.112,0.303,0.68,0.0,0.103,2.415
27328512,94437376,70.779,0.39,111.039,0.309,0.301,0.87,0.104,0.792,0.118,0.303,0.679,0.004,0.099,2.411
27590656,94699520,71.43,0.387,113.154,0.299,0.314,0.835,0.105,0.801,0.119,0.3,0.678,0.004,0.098,2.414
27852800,94961664,72.064,0.382,114.509,0.303,0.315,0.849,0.109,0.814,0.118,0.285,0.678,0.005,0.096,2.415
28114944,95223808,72.685,0.385,112.866,0.313,0.302,0.898,0.093,0.848,0.116,0.291,0.699,0.0,0.092,2.413
28377088,95485952,73.311,0.401,113.229,0.293,0.306,0.903,0.104,0.783,0.103,0.326,0.695,0.0,0.098,2.412
28639232,95748096,73.922,0.4,112.232,0.289,0.311,0.879,0.101,0.774,0.114,0.326,0.682,0.0,0.103,2.408
28901376,96010240,74.547,0.407,111.579,0.285,0.308,0.841,0.099,0.818,0.124,0.331,0.674,0.0,0.104,2.408
29163520,96272384,75.183,0.368,117.374,0.305,0.327,0.838,0.102,0.796,0.095,0.295,0.702,0.0,0.101,2.418
29425664,96534528,75.831,0.403,110.666,0.297,0.299,0.861,0.101,0.805,0.111,0.328,0.695,0.0,0.094,2.408
29687808,96796672,76.462,0.38,115.302,0.299,0.321,0.854,0.108,0.825,0.105,0.287,0.697,0.005,0.089,2.418
29949952,97058816,77.111,0.402,113.907,0.28,0.318,0.869,0.103,0.783,0.121,0.326,0.67,0.0,0.106,2.413
30212096,97320960,77.756,0.39,116.586,0.283,0.328,0.873,0.105,0.849,0.106,0.307,0.678,0.0,0.111,2.416
30474240,97583104,78.364,0.399,113.287,0.289,0.312,0.886,0.095,0.801,0.124,0.322,0.672,0.0,0.11,2.411
30736384,97845248,78.986,0.412,110.523,0.28,0.307,0.907,0.105,0.822,0.117,0.325,0.676,0.008,0.102,2.41
30998528,98107392,79.613,0.379,116.256,0.296,0.324,0.853,0.096,0.829,0.103,0.303,0.7,0.0,0.101,2.416
31260672,98369536,80.233,0.409,112.559,0.276,0.315,0.86,0.098,0.832,0.115,0.335,0.684,0.004,0.103,2.408
31522816,98631680,80.868,0.383,112.407,0.311,0.306,0.866,0.099,0.84,0.102,0.302,0.698,0.004,0.1,2.413
31784960,98893824,81.494,0.387,116.585,0.283,0.33,0.884,0.1,0.792,0.105,0.31,0.694,0.0,0.101,2.415
32047104,99155968,82.121,0.379,118.196,0.287,0.334,0.886,0.102,0.79,0.09,0.314,0.691,0.0,0.116,2.414
32309248,99418112,82.748,0.408,111.359,0.29,0.301,0.877,0.09,0.794,0.131,0.327,0.688,0.0,0.09,2.407
32571392,99680256,83.371,0.405,113.23,0.282,0.314,0.893,0.101,0.824,0.116,0.321,0.681,0.004,0.102,2.411
32833536,99942400,83.999,0.391,114.983,0.293,0.316,0.872,0.099,0.836,0.115,0.305,0.687,0.0,0.1,2.415
33095680,100204544,84.625,0.389,114.05,0.298,0.314,0.893,0.099,0.809,0.101,0.313,0.699,0.0,0.102,2.414
33357824,100466688,85.246,0.387,113.415,0.302,0.311,0.825,0.108,0.812,0.109,0.31,0.673,0.0,0.11,2.415
33619968,100728832,85.865,0.394,115.416,0.286,0.32,0.871,0.102,0.833,0.1,0.317,0.7,0.005,0.098,2.415
33882112,100990976,86.486,0.397,111.25,0.304,0.3,0.898,0.1,0.79,0.111,0.316,0.693,0.004,0.096,2.41
34144256,101253120,87.097,0.399,113.754,0.28,0.321,0.888,0.118,0.774,0.113,0.307,0.671,0.009,0.098,2.416
34406400,101515264,87.732,0.388,115.648,0.295,0.317,0.859,0.094,0.872,0.107,0.308,0.694,0.004,0.105,2.414
34668544,101777408,88.353,0.387,115.204,0.293,0.319,0.887,0.096,0.802,0.11,0.306,0.699,0.0,0.095,2.412
34930688,102039552,88.979,0.39,113.593,0.301,0.309,0.862,0.105,0.772,0.098,0.322,0.697,0.0,0.1,2.414
35192832,102301696,89.616,0.387,115.511,0.294,0.319,0.83,0.095,0.827,0.111,0.313,0.691,0.0,0.102,2.415
35454976,102563840,90.269,0.4,110.507,0.303,0.297,0.867,0.101,0.791,0.116,0.321,0.686,0.0,0.097,2.408
35717120,102825984,90.916,0.399,114.194,0.287,0.314,0.92,0.093,0.813,0.11,0.32,0.698,0.004,0.099,2.414
35979264,103088128,91.541,0.386,115.345,0.305,0.309,0.859,0.088,0.809,0.108,0.316,0.706,0.0,0.098,2.415
36241408,103350272,92.171,0.394,115.222,0.292,0.314,0.835,0.091,0.834,0.109,0.323,0.7,0.009,0.1,2.413
36503552,103612416,92.793,0.386,114.041,0.3,0.314,0.865,0.097,0.811,0.108,0.302,0.71,0.005,0.084,2.415
36765696,103874560,93.42,0.407,112.34,0.29,0.303,0.854,0.096,0.813,0.1,0.346,0.703,0.0,0.101,2.409
37027840,104136704,94.049,0.397,112.962,0.292,0.311,0.856,0.108,0.85,0.101,0.316,0.692,0.004,0.099,2.413
37289984,104398848,94.658,0.405,114.12,0.279,0.316,0.856,0.1,0.745,0.1,0.351,0.699,0.0,0.1,2.411
37388288,104497152,97.83,0.417,111.271,0.279,0.303,0.938,0.088,0.845,0.127,0.329,0.686,0.022,0.1,2.404
37650432,104759296,98.464,0.392,112.697,0.307,0.301,0.829,0.084,0.801,0.116,0.328,0.7,0.0,0.1,2.411
37912576,105021440,99.084,0.405,113.031,0.284,0.31,0.889,0.113,0.797,0.102,0.324,0.69,0.005,0.095,2.413
38174720,105283584,99.708,0.407,112.997,0.277,0.316,0.867,0.097,0.78,0.117,0.335,0.69,0.0,0.095,2.408
38436864,105545728,100.355,0.4,118.684,0.254,0.346,0.873,0.1,0.798,0.108,0.325,0.695,0.005,0.097,2.412
38699008,105807872,100.989,0.399,112.889,0.296,0.305,0.828,0.103,0.806,0.107,0.328,0.696,0.0,0.094,2.41
38961152,106070016,101.607,0.401,115.408,0.275,0.324,0.83,0.098,0.788,0.103,0.345,0.694,0.0,0.105,2.41
39223296,106332160,102.236,0.415,114.064,0.266,0.318,0.861,0.106,0.86,0.115,0.327,0.688,0.0,0.09,2.411
39485440,106594304,102.878,0.41,111.88,0.292,0.299,0.896,0.087,0.854,0.116,0.335,0.695,0.004,0.103,2.408
39747584,106856448,103.509,0.397,115.728,0.28,0.322,0.87,0.102,0.852,0.093,0.328,0.699,0.004,0.107,2.413
40009728,107118592,104.147,0.403,116.364,0.269,0.328,0.832,0.096,0.848,0.112,0.33,0.691,0.004,0.101,2.412
40271872,107380736,104.773,0.413,109.901,0.291,0.297,0.865,0.119,0.835,0.107,0.329,0.67,0.004,0.104,2.41
40534016,107642880,105.402,0.407,111.742,0.293,0.3,0.873,0.1,0.832,0.108,0.334,0.685,0.0,0.106,2.41
40796160,107905024,106.038,0.406,113.265,0.277,0.317,0.812,0.097,0.79,0.121,0.336,0.688,0.005,0.094,2.41
41058304,108167168,106.693,0.383,119.033,0.281,0.336,0.808,0.092,0.781,0.111,0.316,0.702,0.0,0.096,2.419
41320448,108429312,107.324,0.41,114.023,0.273,0.317,0.85,0.102,0.833,0.102,0.347,0.69,0.0,0.107,2.412
41582592,108691456,107.955,0.411,114.505,0.277,0.312,0.853,0.098,0.84,0.103,0.345,0.695,0.008,0.103,2.412
41844736,108953600,108.579,0.395,116.201,0.284,0.32,0.87,0.092,0.85,0.112,0.319,0.691,0.0,0.105,2.414
42106880,109215744,109.202,0.412,112.532,0.283,0.305,0.898,0.093,0.822,0.114,0.339,0.693,0.0,0.101,2.412
42369024,109477888,109.834,0.406,113.073,0.288,0.305,0.871,0.094,0.806,0.109,0.341,0.689,0.008,0.107,2.412
42631168,109740032,110.47,0.41,113.838,0.277,0.312,0.875,0.097,0.825,0.099,0.346,0.704,0.004,0.101,2.409
42893312,110002176,111.094,0.412,109.987,0.293,0.295,0.845,0.128,0.82,0.112,0.321,0.659,0.0,0.101,2.41
43155456,110264320,111.713,0.432,109.538,0.267,0.301,0.838,0.111,0.838,0.119,0.354,0.677,0.0,0.093,2.404
43417600,110526464,112.338,0.407,112.457,0.294,0.299,0.882,0.098,0.814,0.1,0.336,0.711,0.0,0.091,2.409
43679744,110788608,112.981,0.426,111.736,0.269,0.305,0.849,0.101,0.841,0.117,0.349,0.69,0.014,0.092,2.406
43941888,111050752,113.631,0.407,110.594,0.297,0.295,0.84,0.102,0.812,0.11,0.338,0.687,0.0,0.101,2.408
44204032,111312896,114.262,0.415,113.915,0.266,0.319,0.881,0.111,0.827,0.109,0.336,0.677,0.0,0.104,2.411
44466176,111575040,114.886,0.414,113.376,0.271,0.315,0.866,0.105,0.835,0.114,0.333,0.68,0.009,0.101,2.408
44728320,111837184,115.515,0.415,111.358,0.284,0.3,0.879,0.101,0.794,0.117,0.341,0.683,0.004,0.099,2.407
44990464,112099328,116.154,0.42,110.344,0.287,0.293,0.85,0.102,0.796,0.11,0.36,0.681,0.004,0.107,2.406
45252608,112361472,116.783,0.433,108.767,0.276,0.291,0.884,0.107,0.82,0.117,0.351,0.69,0.005,0.086,2.402
45514752,112623616,117.415,0.415,113.282,0.279,0.306,0.87,0.093,0.816,0.098,0.358,0.708,0.004,0.1,2.409
45776896,112885760,118.042,0.401,113.848,0.295,0.304,0.863,0.099,0.828,0.104,0.324,0.704,0.009,0.092,2.413
46039040,113147904,118.671,0.415,112.74,0.279,0.306,0.874,0.099,0.775,0.095,0.363,0.698,0.012,0.108,2.407
46301184,113410048,119.314,0.408,114.443,0.282,0.31,0.868,0.099,0.814,0.103,0.341,0.696,0.004,0.101,2.412
46563328,113672192,119.965,0.411,114.414,0.272,0.316,0.863,0.105,0.831,0.106,0.339,0.686,0.0,0.103,2.412
46825472,113934336,120.598,0.416,112.317,0.284,0.301,0.839,0.087,0.829,0.104,0.359,0.712,0.004,0.097,2.409
47087616,114196480,121.227,0.399,117.273,0.272,0.329,0.853,0.101,0.777,0.103,0.342,0.68,0.0,0.115,2.415
47349760,114458624,121.879,0.432,111.368,0.268,0.3,0.874,0.092,0.79,0.12,0.379,0.678,0.008,0.11,2.402
47611904,114720768,122.496,0.42,111.761,0.279,0.301,0.874,0.098,0.851,0.111,0.339,0.702,0.019,0.089,2.408
47874048,114982912,123.111,0.415,116.675,0.26,0.325,0.87,0.096,0.859,0.101,0.346,0.705,0.005,0.098,2.413
48136192,115245056,123.744,0.426,113.878,0.262,0.312,0.887,0.1,0.865,0.106,0.353,0.688,0.016,0.105,2.409
48398336,115507200,124.374,0.422,113.645,0.267,0.311,0.875,0.086,0.804,0.121,0.357,0.698,0.0,0.095,2.405
48660480,115769344,125.007,0.42,112.041,0.276,0.304,0.882,0.101,0.835,0.101,0.351,0.699,0.013,0.099,2.406
48922624,116031488,125.648,0.431,112.868,0.267,0.302,0.878,0.097,0.833,0.093,0.378,0.709,0.004,0.101,2.406
49184768,116293632,126.298,0.416,113.854,0.27,0.314,0.862,0.085,0.825,0.114,0.356,0.698,0.004,0.103,2.41
49446912,116555776,126.935,0.412,113.285,0.281,0.307,0.862,0.1,0.858,0.092,0.349,0.706,0.004,0.102,2.411
49709056,116817920,127.57,0.398,115.697,0.289,0.313,0.871,0.095,0.819,0.107,0.326,0.694,0.008,0.104,2.414
49971200,117080064,128.203,0.398,115.428,0.29,0.312,0.844,0.104,0.841,0.108,0.319,0.682,0.016,0.106,2.413
50233344,117342208,128.834,0.423,111.753,0.279,0.297,0.85,0.1,0.884,0.107,0.348,0.7,0.009,0.094,2.408
50495488,117604352,129.468,0.425,112.882,0.268,0.307,0.863,0.104,0.843,0.101,0.364,0.687,0.004,0.108,2.405
50757632,117866496,133.035,0.43,112.805,0.267,0.302,0.844,0.105,0.804,0.104,0.37,0.695,0.005,0.096,2.407
51019776,118128640,133.662,0.423,112.094,0.275,0.302,0.858,0.102,0.802,0.104,0.367,0.684,0.008,0.109,2.407
51281920,118390784,134.293,0.436,111.28,0.265,0.3,0.877,0.103,0.821,0.118,0.364,0.68,0.004,0.098,2.406
51544064,118652928,134.931,0.433,108.18,0.28,0.287,0.843,0.104,0.816,0.116,0.368,0.681,0.0,0.098,2.404
51806208,118915072,135.592,0.417,111.189,0.285,0.299,0.891,0.111,0.885,0.093,0.334,0.702,0.009,0.094,2.411
52068352,119177216,136.224,0.42,112.402,0.278,0.302,0.887,0.094,0.822,0.103,0.355,0.704,0.017,0.099,2.409
52330496,119439360,136.85,0.423,111.96,0.274,0.303,0.887,0.102,0.786,0.115,0.353,0.682,0.008,0.101,2.407
52592640,119701504,137.486,0.439,110.126,0.269,0.291,0.867,0.101,0.823,0.121,0.368,0.679,0.021,0.098,2.407
52854784,119963648,138.11,0.428,111.688,0.263,0.309,0.858,0.099,0.84,0.112,0.359,0.691,0.009,0.098,2.406
53116928,120225792,138.736,0.44,107.89,0.275,0.285,0.869,0.097,0.832,0.115,0.374,0.695,0.0,0.093,2.399
53379072,120487936,139.365,0.434,111.979,0.262,0.303,0.833,0.105,0.819,0.111,0.372,0.687,0.013,0.098,2.403
53641216,120750080,139.994,0.435,113.225,0.254,0.311,0.888,0.093,0.847,0.108,0.373,0.695,0.017,0.104,2.404
53903360,121012224,140.612,0.422,114.373,0.264,0.314,0.873,0.11,0.833,0.097,0.352,0.698,0.005,0.096,2.409
54165504,121274368,141.239,0.419,115.162,0.26,0.321,0.9,0.097,0.843,0.098,0.353,0.705,0.009,0.1,2.411
54427648,121536512,141.912,0.421,111.845,0.281,0.298,0.868,0.1,0.856,0.098,0.356,0.704,0.0,0.098,2.407
54689792,121798656,142.545,0.435,110.538,0.272,0.293,0.837,0.102,0.823,0.113,0.375,0.68,0.012,0.104,2.403
54951936,122060800,143.179,0.442,110.757,0.265,0.293,0.854,0.096,0.87,0.104,0.383,0.7,0.013,0.099,2.404
55214080,122322944,143.808,0.422,113.875,0.269,0.31,0.825,0.1,0.838,0.098,0.369,0.692,0.016,0.11,2.403
55476224,122585088,144.434,0.417,114.22,0.269,0.314,0.863,0.094,0.817,0.106,0.351,0.71,0.005,0.09,2.409
55738368,122847232,145.061,0.418,111.331,0.293,0.289,0.9,0.11,0.781,0.099,0.345,0.696,0.013,0.095,2.408
56000512,123109376,145.702,0.427,110.514,0.286,0.287,0.862,0.1,0.833,0.103,0.362,0.7,0.013,0.096,2.405
56262656,123371520,146.343,0.441,109.33,0.27,0.289,0.883,0.094,0.821,0.108,0.385,0.699,0.004,0.099,2.401
56524800,123633664,146.976,0.417,113.13,0.279,0.304,0.841,0.1,0.833,0.114,0.353,0.671,0.008,0.115,2.408
56786944,123895808,147.633,0.422,113.28,0.276,0.301,0.877,0.091,0.835,0.109,0.357,0.701,0.017,0.099,2.406
57049088,124157952,148.302,0.427,111.118,0.277,0.296,0.874,0.091,0.782,0.111,0.375,0.692,0.016,0.107,2.403
57311232,124420096,148.953,0.45,107.252,0.267,0.282,0.891,0.105,0.826,0.125,0.377,0.67,0.008,0.1,2.398
57573376,124682240,149.589,0.43,111.389,0.267,0.303,0.845,0.099,0.791,0.1,0.382,0.697,0.012,0.104,2.402
57835520,124944384,150.221,0.454,107.782,0.265,0.281,0.912,0.093,0.855,0.113,0.387,0.703,0.013,0.092,2.395
58097664,125206528,150.845,0.432,110.401,0.285,0.284,0.856,0.086,0.814,0.118,0.379,0.69,0.008,0.106,2.4
58359808,125468672,151.471,0.425,114.168,0.266,0.308,0.818,0.107,0.788,0.11,0.372,0.674,0.004,0.11,2.401
58621952,125730816,152.103,0.442,109.613,0.266,0.292,0.871,0.095,0.783,0.127,0.38,0.682,0.013,0.097,2.399
58884096,125992960,152.736,0.455,108.452,0.257,0.288,0.893,0.099,0.821,0.119,0.392,0.684,0.004,0.098,2.395
59146240,126255104,153.367,0.454,109.305,0.254,0.291,0.885,0.108,0.835,0.111,0.39,0.678,0.008,0.102,2.398
59408384,126517248,153.993,0.439,109.383,0.267,0.294,0.864,0.095,0.799,0.124,0.375,0.687,0.013,0.095,2.399
59670528,126779392,154.645,0.428,110.188,0.278,0.294,0.854,0.113,0.805,0.093,0.369,0.688,0.016,0.105,2.405
59932672,127041536,155.281,0.44,110.142,0.267,0.293,0.854,0.101,0.833,0.109,0.376,0.698,0.009,0.092,2.402
60194816,127303680,155.926,0.444,109.105,0.273,0.283,0.896,0.104,0.798,0.087,0.393,0.713,0.017,0.097,2.397
60456960,127565824,156.561,0.456,107.482,0.261,0.283,0.895,0.117,0.827,0.101,0.386,0.691,0.018,0.092,2.395
60719104,127827968,157.212,0.468,106.958,0.258,0.273,0.881,0.104,0.876,0.106,0.415,0.684,0.004,0.106,2.394
60981248,128090112,157.849,0.45,108.042,0.272,0.278,0.835,0.102,0.819,0.107,0.401,0.685,0.023,0.106,2.398
61243392,128352256,158.475,0.443,108.926,0.266,0.292,0.877,0.107,0.823,0.11,0.383,0.672,0.011,0.111,2.399
61505536,128614400,159.107,0.46,107.484,0.265,0.276,0.877,0.104,0.795,0.113,0.405,0.68,0.032,0.103,2.392
61767680,128876544,159.749,0.471,106.853,0.257,0.273,0.851,0.099,0.864,0.114,0.416,0.688,0.021,0.099,2.394
62029824,129138688,160.378,0.444,110.772,0.263,0.293,0.894,0.104,0.825,0.106,0.381,0.687,0.016,0.103,2.396
62291968,129400832,161.031,0.462,108.289,0.262,0.276,0.838,0.089,0.872,0.11,0.415,0.697,0.028,0.105,2.393
62554112,129662976,161.692,0.466,105.976,0.263,0.271,0.861,0.102,0.84,0.104,0.412,0.703,0.018,0.092,2.394
62816256,129925120,162.334,0.46,109.013,0.257,0.283,0.886,0.1,0.859,0.101,0.404,0.703,0.009,0.096,2.396
63078400,130187264,162.957,0.449,110.828,0.259,0.292,0.881,0.105,0.847,0.098,0.389,0.691,0.043,0.106,2.399
63340544,130449408,163.594,0.468,107.315,0.254,0.278,0.873,0.094,0.821,0.112,0.42,0.695,0.017,0.099,2.393
63602688,130711552,164.219,0.474,107.553,0.249,0.277,0.856,0.111,0.784,0.106,0.432,0.679,0.027,0.104,2.395
63864832,130973696,164.856,0.468,106.486,0.264,0.268,0.886,0.094,0.823,0.102,0.427,0.703,0.008,0.101,2.391
64028672,131137536,168.199,0.484,104.099,0.25,0.266,0.869,0.115,0.862,0.1,0.432,0.684,0.013,0.1,2.387
64290816,131399680,168.846,0.475,104.112,0.273,0.253,0.849,0.1,0.825,0.1,0.429,0.711,0.022,0.089,2.388
64552960,131661824,169.485,0.467,106.18,0.258,0.275,0.868,0.104,0.838,0.1,0.419,0.694,0.02,0.102,2.392
64815104,131923968,170.111,0.474,106.1,0.255,0.272,0.843,0.109,0.823,0.101,0.43,0.692,0.008,0.098,2.388
65077248,132186112,170.78,0.484,106.406,0.242,0.274,0.886,0.103,0.877,0.102,0.435,0.692,0.027,0.103,2.387
65339392,132448256,171.436,0.469,103.241,0.277,0.254,0.849,0.105,0.84,0.094,0.421,0.704,0.037,0.096,2.381
65601536,132710400,172.067,0.473,105.092,0.26,0.267,0.889,0.1,0.816,0.112,0.42,0.689,0.04,0.099,2.383
65863680,132972544,172.701,0.483,104.047,0.259,0.258,0.867,0.105,0.849,0.103,0.439,0.688,0.015,0.104,2.38
66125824,133234688,173.324,0.483,105.854,0.25,0.267,0.861,0.101,0.838,0.107,0.437,0.692,0.044,0.101,2.382
66387968,133496832,173.976,0.471,107.939,0.249,0.279,0.85,0.091,0.833,0.089,0.438,0.721,0.034,0.098,2.383
66650112,133758976,174.612,0.487,105.764,0.245,0.268,0.882,0.102,0.846,0.108,0.435,0.689,0.06,0.101,2.382
66912256,134021120,175.24,0.468,108.072,0.25,0.282,0.856,0.097,0.828,0.1,0.431,0.697,0.016,0.106,2.384
67174400,134283264,175.879,0.496,106.439,0.241,0.264,0.85,0.094,0.855,0.1,0.466,0.696,0.051,0.11,2.371
67436544,134545408,176.523,0.518,101.117,0.233,0.249,0.857,0.106,0.877,0.104,0.485,0.683,0.051,0.107,2.361
67698688,134807552,177.19,0.522,99.94,0.256,0.222,0.868,0.099,0.825,0.089,0.503,0.711,0.049,0.101,2.348
67960832,135069696,177.833,0.552,96.054,0.238,0.211,0.877,0.1,0.837,0.113,0.526,0.694,0.047,0.093,2.329
68222976,135331840,178.478,0.545,99.147,0.239,0.216,0.863,0.091,0.798,0.105,0.536,0.704,0.053,0.099,2.335
68485120,135593984,179.135,0.568,93.745,0.239,0.193,0.887,0.098,0.839,0.106,0.552,0.694,0.08,0.102,2.313
68747264,135856128,179.79,0.573,93.039,0.242,0.186,0.858,0.112,0.824,0.097,0.562,0.688,0.096,0.103,2.307
69009408,136118272,180.441,0.581,91.854,0.248,0.171,0.866,0.099,0.804,0.112,0.584,0.677,0.095,0.113,2.301
69271552,136380416,181.093,0.58,93.728,0.239,0.181,0.846,0.105,0.819,0.105,0.571,0.688,0.114,0.101,2.306
69533696,136642560,181.74,0.589,92.315,0.231,0.18,0.879,0.108,0.818,0.104,0.569,0.689,0.174,0.099,2.299
69795840,136904704,182.394,0.592,93.21,0.234,0.174,0.864,0.102,0.843,0.098,0.6,0.685,0.093,0.115,2.298
70057984,137166848,183.069,0.597,92.322,0.239,0.164,0.874,0.095,0.849,0.101,0.588,0.701,0.158,0.103,2.283
70287360,137396224,183.669,0.623,89.885,0.221,0.157,0.837,0.092,0.834,0.105,0.622,0.706,0.192,0.097,2.274
70549504,137658368,184.324,0.618,88.542,0.228,0.154,0.871,0.116,0.87,0.102,0.607,0.682,0.14,0.1,2.283
70811648,137920512,184.979,0.623,90.057,0.227,0.15,0.853,0.107,0.828,0.094,0.619,0.695,0.227,0.104,2.275
71073792,138182656,185.647,0.621,89.117,0.24,0.138,0.857,0.09,0.832,0.103,0.621,0.699,0.223,0.108,2.267
71335936,138444800,186.32,0.629,87.003,0.242,0.128,0.845,0.105,0.829,0.099,0.631,0.695,0.197,0.101,2.265
71598080,138706944,186.999,0.649,87.394,0.207,0.144,0.893,0.102,0.86,0.104,0.64,0.691,0.249,0.103,2.261
71860224,138969088,187.668,0.649,89.106,0.204,0.146,0.874,0.098,0.835,0.091,0.658,0.696,0.263,0.116,2.259
72122368,139231232,188.339,0.65,88.546,0.208,0.142,0.887,0.098,0.852,0.1,0.652,0.688,0.255,0.114,2.259
72384512,139493376,189.02,0.665,87.47,0.207,0.128,0.869,0.092,0.846,0.098,0.679,0.685,0.296,0.125,2.242
72613888,139722752,189.651,0.682,86.356,0.188,0.13,0.85,0.101,0.858,0.099,0.698,0.686,0.285,0.114,2.235
72843264,139952128,190.287,0.673,88.528,0.194,0.133,0.846,0.092,0.857,0.091,0.705,0.663,0.317,0.153,2.226
73072640,140181504,190.905,0.669,91.403,0.179,0.152,0.86,0.106,0.828,0.091,0.705,0.635,0.325,0.168,2.244
73302016,140410880,191.514,0.66,92.361,0.193,0.147,0.815,0.103,0.903,0.087,0.712,0.61,0.314,0.2,2.24
73531392,140640256,192.128,0.651,93.557,0.193,0.156,0.875,0.11,0.794,0.099,0.703,0.569,0.341,0.222,2.235
73760768,140869632,192.734,0.651,95.609,0.189,0.16,0.875,0.091,0.847,0.097,0.723,0.565,0.328,0.247,2.243
73990144,141099008,193.356,0.667,95.753,0.185,0.148,0.864,0.092,0.874,0.1,0.741,0.529,0.389,0.279,2.237
74219520,141328384,193.973,0.67,94.128,0.177,0.153,0.886,0.1,0.875,0.118,0.744,0.497,0.382,0.285,2.232
74448896,141557760,194.59,0.647,99.784,0.197,0.156,0.866,0.101,0.844,0.099,0.739,0.468,0.393,0.333,2.241
74678272,141787136,195.21,0.658,99.15,0.174,0.167,0.858,0.112,0.845,0.109,0.75,0.433,0.421,0.347,2.241
74907648,142016512,195.846,0.627,103.505,0.191,0.182,0.859,0.093,0.807,0.107,0.752,0.4,0.4,0.4,2.247
75137024,142245888,196.485,0.615,105.255,0.204,0.182,0.86,0.098,0.818,0.096,0.748,0.374,0.399,0.432,2.244
75366400,142475264,197.086,0.62,107.236,0.199,0.182,0.895,0.098,0.83,0.11,0.751,0.317,0.427,0.475,2.25
75595776,142704640,197.687,0.598,110.924,0.203,0.199,0.842,0.095,0.841,0.1,0.757,0.299,0.409,0.506,2.265
75825152,142934016,198.308,0.618,108.457,0.186,0.196,0.888,0.094,0.819,0.092,0.771,0.297,0.445,0.517,2.249
76054528,143163392,198.946,0.632,107.337,0.202,0.166,0.92,0.088,0.84,0.114,0.8,0.255,0.463,0.543,2.236
76283904,143392768,199.585,0.617,109.128,0.204,0.179,0.891,0.105,0.825,0.098,0.766,0.227,0.471,0.57,2.246
76513280,143622144,200.224,0.6,111.597,0.196,0.204,0.828,0.098,0.855,0.11,0.747,0.226,0.452,0.566,2.256
76611584,143720448,204.028,0.592,113.375,0.196,0.212,0.888,0.102,0.831,0.102,0.739,0.18,0.46,0.616,2.253
76840960,143949824,204.674,0.635,108.239,0.187,0.178,0.884,0.094,0.832,0.103,0.817,0.221,0.491,0.582,2.234
77070336,144179200,205.329,0.607,109.446,0.205,0.188,0.852,0.103,0.848,0.103,0.776,0.185,0.473,0.608,2.24
77299712,144408576,206.007,0.609,109.503,0.209,0.182,0.877,0.098,0.805,0.101,0.78,0.171,0.49,0.631,2.243
77529088,144637952,206.684,0.591,110.379,0.219,0.19,0.884,0.091,0.796,0.099,0.76,0.179,0.469,0.631,2.248
77758464,144867328,207.358,0.611,109.991,0.197,0.192,0.907,0.102,0.819,0.094,0.782,0.168,0.488,0.636,2.238
77987840,145096704,208.035,0.638,110.157,0.167,0.194,0.897,0.098,0.845,0.106,0.781,0.177,0.521,0.62,2.238
78217216,145326080,208.706,0.631,109.17,0.182,0.188,0.892,0.106,0.854,0.101,0.808,0.168,0.503,0.625,2.234
78446592,145555456,209.371,0.623,109.934,0.183,0.194,0.851,0.096,0.835,0.101,0.789,0.147,0.52,0.656,2.236
78675968,145784832,210.058,0.634,109.076,0.181,0.185,0.85,0.104,0.815,0.1,0.785,0.146,0.537,0.65,2.228
78905344,146014208,210.705,0.634,108.223,0.175,0.192,0.911,0.117,0.846,0.111,0.748,0.147,0.517,0.625,2.242
79134720,146243584,211.385,0.649,106.297,0.187,0.164,0.881,0.101,0.843,0.106,0.82,0.159,0.536,0.634,2.222
79364096,146472960,212.065,0.646,106.193,0.186,0.168,0.863,0.102,0.835,0.104,0.804,0.156,0.542,0.638,2.225
79560704,146669568,212.678,0.649,104.709,0.191,0.16,0.88,0.111,0.842,0.101,0.813,0.134,0.546,0.654,2.219
79757312,146866176,213.298,0.672,105.114,0.177,0.151,0.883,0.087,0.83,0.11,0.831,0.133,0.587,0.669,2.216
79953920,147062784,213.899,0.635,109.53,0.177,0.188,0.866,0.103,0.843,0.109,0.811,0.12,0.534,0.668,2.227
80183296,147292160,214.559,0.642,107.143,0.188,0.17,0.938,0.091,0.825,0.1,0.802,0.136,0.543,0.673,2.225
80412672,147521536,215.224,0.64,109.743,0.18,0.18,0.858,0.087,0.866,0.099,0.85,0.13,0.54,0.685,2.223
80642048,147750912,215.893,0.655,108.07,0.168,0.178,0.895,0.099,0.864,0.094,0.779,0.131,0.567,0.676,2.224
80871424,147980288,216.567,0.66,105.912,0.177,0.162,0.848,0.103,0.822,0.09,0.779,0.131,0.587,0.676,2.206
81100800,148209664,217.225,0.656,107.55,0.17,0.174,0.856,0.098,0.824,0.105,0.8,0.125,0.574,0.672,2.218
81330176,148439040,217.885,0.642,108.484,0.178,0.18,0.871,0.106,0.85,0.101,0.794,0.119,0.547,0.674,2.229
81559552,148668416,218.567,0.671,107.984,0.161,0.169,0.865,0.097,0.827,0.092,0.846,0.133,0.587,0.678,2.215
81788928,148897792,219.268,0.673,105.162,0.162,0.165,0.857,0.113,0.83,0.103,0.846,0.117,0.588,0.667,2.22
82018304,149127168,219.932,0.663,105.319,0.174,0.163,0.873,0.112,0.856,0.111,0.809,0.103,0.574,0.673,2.218
82247680,149356544,220.593,0.653,110.659,0.164,0.183,0.847,0.095,0.793,0.098,0.833,0.118,0.576,0.689,2.222
82477056,149585920,221.24,0.66,108.608,0.159,0.181,0.878,0.093,0.824,0.099,0.804,0.12,0.581,0.687,2.219
82706432,149815296,221.908,0.69,103.932,0.148,0.162,0.892,0.1,0.839,0.109,0.82,0.128,0.61,0.663,2.208
82935808,150044672,222.575,0.672,106.46,0.161,0.167,0.87,0.097,0.835,0.102,0.82,0.122,0.592,0.678,2.219
83165184,150274048,223.246,0.673,107.523,0.153,0.174,0.87,0.094,0.835,0.108,0.832,0.106,0.597,0.692,2.216
83394560,150503424,223.913,0.676,106.585,0.163,0.161,0.826,0.101,0.851,0.096,0.865,0.133,0.591,0.67,2.213
83623936,150732800,224.583,0.68,107.795,0.145,0.175,0.873,0.103,0.87,0.101,0.824,0.104,0.602,0.692,2.219
83853312,150962176,225.261,0.677,106.197,0.143,0.18,0.845,0.114,0.857,0.111,0.851,0.112,0.589,0.662,2.225
84049920,151158784,225.866,0.683,104.009,0.151,0.166,0.872,0.119,0.86,0.116,0.769,0.104,0.604,0.66,2.204
84279296,151388160,226.539,0.698,105.868,0.13,0.172,0.868,0.102,0.803,0.106,0.878,0.11,0.627,0.682,2.215
84508672,151617536,227.212,0.653,108.925,0.165,0.182,0.843,0.096,0.796,0.102,0.817,0.095,0.584,0.708,2.222
84738048,151846912,227.894,0.698,102.744,0.149,0.153,0.895,0.103,0.878,0.107,0.833,0.13,0.611,0.66,2.216
84967424,152076288,228.568,0.698,106.051,0.144,0.158,0.894,0.093,0.882,0.103,0.809,0.097,0.631,0.707,2.214
85196800,152305664,229.231,0.672,110.077,0.139,0.189,0.887,0.097,0.815,0.103,0.862,0.104,0.592,0.696,2.232
85426176,152535040,229.908,0.711,103.214,0.136,0.153,0.863,0.102,0.875,0.115,0.842,0.108,0.639,0.676,2.211
85655552,152764416,230.574,0.689,106.17,0.156,0.154,0.9,0.093,0.837,0.1,0.822,0.112,0.619,0.695,2.217
85884928,152993792,231.265,0.686,105.354,0.165,0.149,0.838,0.097,0.873,0.105,0.84,0.112,0.61,0.686,2.211
86114304,153223168,231.943,0.692,108.288,0.121,0.187,0.903,0.088,0.836,0.103,0.857,0.115,0.616,0.694,2.222
86310912,153419776,232.544,0.705,104.771,0.14,0.155,0.832,0.105,0.805,0.104,0.816,0.104,0.654,0.688,2.208
86540288,153649152,233.218,0.69,106.96,0.14,0.169,0.829,0.101,0.836,0.1,0.838,0.107,0.626,0.692,2.219
86769664,153878528,233.891,0.709,103.026,0.138,0.153,0.862,0.108,0.866,0.111,0.889,0.093,0.635,0.687,2.217
86999040,154107904,234.558,0.692,106.575,0.144,0.164,0.873,0.09,0.839,0.1,0.854,0.11,0.622,0.7,2.212
87228416,154337280,235.242,0.71,103.395,0.132,0.158,0.889,0.103,0.857,0.099,0.835,0.114,0.641,0.685,2.208
87457792,154566656,235.921,0.701,105.508,0.137,0.162,0.876,0.099,0.828,0.104,0.804,0.107,0.641,0.69,2.207
87556096,154664960,239.792,0.73,99.89,0.133,0.138,0.873,0.114,0.811,0.115,0.861,0.112,0.668,0.659,2.206
87785472,154894336,240.463,0.71,104.056,0.133,0.158,0.861,0.095,0.863,0.105,0.8,0.109,0.652,0.691,2.208
88014848,155123712,241.138,0.716,104.227,0.122,0.162,0.852,0.116,0.856,0.1,0.845,0.113,0.65,0.671,2.214
88244224,155353088,241.839,0.704,104.358,0.142,0.154,0.862,0.102,0.815,0.101,0.864,0.097,0.642,0.7,2.208
88473600,155582464,242.526,0.72,104.306,0.125,0.156,0.837,0.103,0.808,0.099,0.871,0.105,0.666,0.693,2.202
88702976,155811840,243.194,0.717,104.763,0.123,0.16,0.872,0.104,0.833,0.099,0.865,0.102,0.656,0.696,2.207
88932352,156041216,243.87,0.713,104.166,0.13,0.158,0.877,0.107,0.763,0.099,0.839,0.104,0.661,0.69,2.189
89161728,156270592,244.545,0.738,100.684,0.126,0.136,0.858,0.096,0.798,0.105,0.851,0.1,0.696,0.698,2.172
89391104,156499968,245.229,0.757,100.355,0.109,0.135,0.852,0.1,0.859,0.096,0.864,0.093,0.715,0.711,2.159
89587712,156696576,245.83,0.795,94.594,0.089,0.116,0.888,0.108,0.813,0.116,0.906,0.107,0.759,0.669,2.136
89817088,156925952,246.519,0.776,98.982,0.098,0.125,0.867,0.084,0.814,0.102,0.9,0.095,0.744,0.718,2.139
90046464,157155328,247.211,0.775,97.138,0.098,0.127,0.845,0.099,0.826,0.108,0.846,0.114,0.745,0.68,2.134
90275840,157384704,247.905,0.791,97.743,0.083,0.126,0.834,0.1,0.857,0.098,0.866,0.107,0.763,0.695,2.136
90472448,157581312,248.507,0.802,96.875,0.069,0.129,0.882,0.112,0.848,0.097,0.905,0.108,0.765,0.683,2.129
90701824,157810688,249.197,0.772,97.359,0.11,0.119,0.87,0.092,0.81,0.108,0.857,0.104,0.74,0.696,2.134
90931200,158040064,249.88,0.784,97.147,0.09,0.126,0.887,0.09,0.814,0.118,0.865,0.1,0.754,0.692,2.134
91160576,158269440,250.566,0.794,98.933,0.076,0.13,0.801,0.114,0.847,0.087,0.893,0.096,0.773,0.702,2.134
91389952,158498816,251.249,0.809,95.047,0.074,0.117,0.908,0.113,0.853,0.107,0.883,0.107,0.774,0.673,2.129
91619328,158728192,251.933,0.808,95.811,0.07,0.122,0.89,0.095,0.869,0.108,0.888,0.112,0.774,0.685,2.127
91815936,158924800,252.543,0.809,97.196,0.066,0.125,0.842,0.1,0.866,0.107,0.909,0.103,0.781,0.69,2.126
92045312,159154176,253.226,0.812,94.698,0.078,0.11,0.861,0.105,0.856,0.104,0.875,0.093,0.789,0.699,2.126
92274688,159383552,253.916,0.806,96.321,0.078,0.116,0.874,0.1,0.804,0.094,0.884,0.097,0.786,0.708,2.129
92471296,159580160,254.528,0.798,97.88,0.076,0.126,0.864,0.098,0.829,0.104,0.892,0.101,0.771,0.697,2.133
92667904,159776768,255.128,0.811,98.122,0.065,0.123,0.865,0.096,0.834,0.085,0.929,0.105,0.784,0.713,2.131
92864512,159973376,255.737,0.808,94.794,0.08,0.112,0.893,0.095,0.804,0.113,0.897,0.098,0.784,0.695,2.124
93093888,160202752,256.421,0.812,95.832,0.072,0.116,0.867,0.101,0.888,0.108,0.846,0.101,0.787,0.691,2.126
93323264,160432128,257.112,0.826,95.035,0.072,0.101,0.86,0.088,0.804,0.095,0.895,0.118,0.814,0.7,2.108
93552640,160661504,257.803,0.814,96.331,0.071,0.115,0.858,0.098,0.857,0.123,0.881,0.106,0.789,0.673,2.123
93782016,160890880,258.486,0.814,95.525,0.078,0.108,0.866,0.103,0.833,0.111,0.887,0.093,0.793,0.693,2.116
94011392,161120256,259.182,0.827,97.613,0.069,0.103,0.819,0.103,0.83,0.099,0.937,0.101,0.812,0.697,2.11
94240768,161349632,259.873,0.846,94.99,0.064,0.09,0.89,0.103,0.863,0.094,0.925,0.111,0.824,0.692,2.09
94470144,161579008,260.563,0.853,94.116,0.063,0.083,0.914,0.104,0.834,0.103,0.899,0.093,0.841,0.7,2.082
94666752,161775616,261.189,0.857,93.978,0.062,0.08,0.865,0.098,0.836,0.101,0.933,0.098,0.848,0.702,2.08
94863360,161972224,261.791,0.868,92.931,0.057,0.075,0.866,0.11,0.849,0.101,0.882,0.105,0.869,0.684,2.08
95092736,162201600,262.48,0.889,89.777,0.06,0.051,0.877,0.1,0.852,0.11,0.905,0.104,0.894,0.687,2.061
95322112,162430976,263.173,0.869,95.888,0.058,0.073,0.867,0.103,0.823,0.101,0.874,0.085,0.875,0.71,2.077
95551488,162660352,263.871,0.88,91.872,0.058,0.062,0.877,0.104,0.842,0.126,0.876,0.103,0.888,0.667,2.071
95780864,162889728,264.566,0.885,93.326,0.062,0.053,0.915,0.1,0.832,0.095,0.89,0.108,0.887,0.697,2.066
96010240,163119104,265.254,0.884,91.169,0.058,0.058,0.867,0.104,0.85,0.114,0.899,0.094,0.89,0.689,2.072
96239616,163348480,265.949,0.886,90.395,0.062,0.052,0.855,0.107,0.856,0.104,0.88,0.106,0.897,0.683,2.071
96468992,163577856,266.649,0.881,92.949,0.06,0.059,0.86,0.101,0.826,0.105,0.929,0.097,0.885,0.697,2.065
96665600,163774464,267.264,0.893,91.38,0.054,0.053,0.885,0.113,0.878,0.102,0.927,0.095,0.892,0.69,2.069
96862208,163971072,267.876,0.89,90.845,0.057,0.053,0.852,0.107,0.883,0.112,0.91,0.088,0.895,0.694,2.068
97058816,164167680,268.479,0.885,90.517,0.066,0.049,0.886,0.101,0.856,0.099,0.909,0.106,0.886,0.694,2.059
97288192,164397056,269.175,0.895,91.311,0.054,0.051,0.878,0.105,0.817,0.094,0.922,0.102,0.903,0.7,2.067
97517568,164626432,269.871,0.904,88.714,0.06,0.037,0.875,0.102,0.847,0.107,0.928,0.098,0.913,0.693,2.061
97746944,164855808,270.566,0.883,90.292,0.066,0.051,0.857,0.107,0.849,0.111,0.908,0.111,0.889,0.671,2.07
97976320,165085184,271.261,0.891,91.313,0.06,0.049,0.849,0.103,0.848,0.094,0.913,0.105,0.899,0.698,2.07
98205696,165314560,271.955,0.873,93.839,0.075,0.053,0.838,0.101,0.811,0.098,0.93,0.1,0.878,0.701,2.074
98238464,165347328,275.644,0.9,94.941,0.059,0.041,0.788,0.097,0.783,0.068,0.839,0.091,0.933,0.743,2.075
98467840,165576704,276.341,0.896,90.369,0.058,0.046,0.937,0.113,0.82,0.1,0.913,0.104,0.897,0.683,2.066
98664448,165773312,276.959,0.897,92.42,0.058,0.045,0.863,0.099,0.825,0.099,0.912,0.096,0.91,0.706,2.061
98861056,165969920,277.577,0.893,92.144,0.057,0.049,0.884,0.101,0.868,0.102,0.926,0.088,0.895,0.709,2.067
99090432,166199296,278.267,0.897,90.837,0.06,0.043,0.874,0.095,0.832,0.109,0.896,0.104,0.91,0.692,2.068
99287040,166395904,278.87,0.889,91.793,0.06,0.05,0.883,0.099,0.831,0.11,0.909,0.102,0.897,0.688,2.076
99483648,166592512,279.472,0.866,95.642,0.074,0.061,0.847,0.095,0.786,0.105,0.899,0.111,0.875,0.689,2.09
99713024,166821888,280.161,0.891,91.015,0.063,0.047,0.87,0.091,0.847,0.119,0.896,0.099,0.9,0.69,2.071
99942400,167051264,280.866,0.9,90.976,0.054,0.046,0.862,0.106,0.875,0.092,0.929,0.107,0.904,0.695,2.067
100139008,167247872,281.498,0.905,90.189,0.055,0.041,0.87,0.102,0.813,0.108,0.904,0.091,0.924,0.699,2.065
100368384,167477248,282.189,0.886,91.41,0.068,0.046,0.846,0.113,0.843,0.1,0.936,0.093,0.892,0.694,2.07
100597760,167706624,282.883,0.91,89.659,0.053,0.037,0.876,0.098,0.851,0.103,0.943,0.103,0.919,0.696,2.062
100794368,167903232,283.486,0.882,92.015,0.068,0.05,0.884,0.113,0.84,0.094,0.931,0.102,0.881,0.692,2.075
100990976,168099840,284.105,0.895,90.375,0.065,0.041,0.861,0.103,0.847,0.093,0.908,0.115,0.904,0.69,2.061
101220352,168329216,284.8,0.9,92.358,0.058,0.042,0.833,0.096,0.835,0.102,0.925,0.102,0.915,0.699,2.07
101449728,168558592,285.491,0.905,90.129,0.058,0.038,0.873,0.108,0.827,0.111,0.915,0.097,0.921,0.685,2.074
101679104,168787968,286.178,0.879,92.374,0.066,0.055,0.87,0.103,0.829,0.118,0.897,0.098,0.886,0.682,2.087
101875712,168984576,286.784,0.895,91.866,0.062,0.043,0.903,0.092,0.836,0.1,0.915,0.105,0.899,0.703,2.081
102105088,169213952,287.465,0.906,90.709,0.058,0.036,0.879,0.104,0.869,0.103,0.936,0.105,0.91,0.688,2.078
102334464,169443328,288.134,0.893,93.871,0.064,0.043,0.904,0.094,0.82,0.091,0.925,0.098,0.897,0.717,2.084
102563840,169672704,288.806,0.895,93.053,0.066,0.039,0.853,0.098,0.798,0.094,0.926,0.097,0.909,0.711,2.077
102793216,169902080,289.483,0.901,91.784,0.065,0.034,0.872,0.1,0.815,0.108,0.938,0.097,0.913,0.694,2.081
103022592,170131456,290.168,0.894,90.049,0.07,0.036,0.871,0.106,0.84,0.12,0.914,0.1,0.904,0.673,2.081
103219200,170328064,290.775,0.91,91.31,0.052,0.038,0.864,0.104,0.88,0.098,0.922,0.115,0.92,0.684,2.083
103448576,170557440,291.442,0.905,89.563,0.06,0.036,0.855,0.108,0.853,0.106,0.93,0.105,0.917,0.681,2.082
103677952,170786816,292.112,0.89,92.984,0.061,0.049,0.842,0.111,0.778,0.106,0.898,0.096,0.914,0.687,2.093
103907328,171016192,292.779,0.899,94.363,0.049,0.052,0.897,0.091,0.864,0.105,0.899,0.097,0.905,0.707,2.092
104136704,171245568,293.452,0.9,93.956,0.054,0.047,0.861,0.103,0.839,0.107,0.938,0.092,0.909,0.699,2.092
104366080,171474944,294.121,0.903,93.342,0.056,0.041,0.881,0.1,0.817,0.101,0.903,0.092,0.918,0.707,2.08
104595456,171704320,294.793,0.906,92.656,0.058,0.035,0.882,0.106,0.854,0.1,0.916,0.096,0.916,0.699,2.082
104824832,171933696,295.459,0.907,92.511,0.051,0.042,0.875,0.107,0.88,0.101,0.924,0.096,0.914,0.696,2.09
105054208,172163072,296.124,0.904,91.15,0.055,0.041,0.863,0.112,0.847,0.105,0.896,0.094,0.92,0.689,2.086
105250816,172359680,296.724,0.892,92.11,0.07,0.038,0.879,0.097,0.811,0.115,0.906,0.09,0.905,0.698,2.086
105480192,172589056,297.417,0.898,94.491,0.062,0.04,0.828,0.098,0.816,0.106,0.914,0.101,0.917,0.695,2.086
105709568,172818432,298.087,0.893,94.165,0.067,0.039,0.86,0.088,0.785,0.107,0.922,0.111,0.909,0.694,2.086
105938944,173047808,298.762,0.911,91.171,0.051,0.038,0.88,0.107,0.844,0.105,0.921,0.096,0.924,0.692,2.086
106168320,173277184,299.443,0.89,93.856,0.058,0.052,0.86,0.105,0.802,0.107,0.904,0.089,0.907,0.699,2.088
106397696,173506560,300.11,0.905,93.977,0.054,0.041,0.852,0.1,0.844,0.1,0.931,0.106,0.918,0.693,2.086
106627072,173735936,300.784,0.9,93.61,0.055,0.045,0.884,0.099,0.83,0.106,0.889,0.093,0.915,0.702,2.094
106856448,173965312,301.455,0.907,92.355,0.05,0.043,0.878,0.098,0.844,0.121,0.922,0.098,0.921,0.683,2.088
107085824,174194688,302.119,0.893,94.455,0.059,0.047,0.842,0.099,0.829,0.101,0.902,0.114,0.909,0.686,2.093
107315200,174424064,302.801,0.911,92.763,0.048,0.04,0.887,0.1,0.851,0.105,0.919,0.095,0.923,0.7,2.086
107511808,174620672,303.415,0.901,94.961,0.058,0.041,0.878,0.09,0.869,0.095,0.906,0.102,0.907,0.713,2.087
107741184,174850048,304.083,0.909,92.975,0.045,0.046,0.877,0.106,0.863,0.101,0.943,0.108,0.915,0.686,2.096
107970560,175079424,304.757,0.902,93.707,0.054,0.044,0.85,0.104,0.827,0.107,0.901,0.096,0.921,0.693,2.093
108199936,175308800,305.426,0.905,93.99,0.049,0.046,0.856,0.114,0.834,0.099,0.929,0.098,0.92,0.689,2.1
108429312,175538176,306.084,0.905,95.079,0.045,0.05,0.856,0.1,0.852,0.103,0.923,0.091,0.917,0.705,2.09
108658688,175767552,306.753,0.917,95.394,0.044,0.04,0.848,0.087,0.848,0.107,0.945,0.106,0.932,0.7,2.088
108888064,175996928,307.426,0.904,92.331,0.052,0.044,0.895,0.11,0.834,0.108,0.917,0.101,0.914,0.681,2.087
109051904,176160768,311.481,0.907,94.459,0.052,0.041,0.874,0.107,0.861,0.101,0.931,0.085,0.916,0.708,2.089
109281280,176390144,312.151,0.896,92.526,0.069,0.035,0.88,0.108,0.842,0.105,0.889,0.095,0.907,0.692,2.092
109510656,176619520,312.833,0.903,93.68,0.054,0.043,0.887,0.097,0.834,0.112,0.907,0.092,0.916,0.699,2.091
109740032,176848896,313.507,0.881,94.358,0.068,0.051,0.853,0.109,0.847,0.102,0.879,0.098,0.891,0.69,2.106
109969408,177078272,314.173,0.911,91.823,0.049,0.04,0.874,0.108,0.85,0.099,0.926,0.113,0.923,0.68,2.091
110198784,177307648,314.842,0.904,91.898,0.055,0.041,0.897,0.097,0.843,0.122,0.931,0.099,0.912,0.682,2.089
110428160,177537024,315.511,0.912,92.567,0.05,0.038,0.891,0.099,0.844,0.106,0.919,0.1,0.924,0.695,2.089
110657536,177766400,316.191,0.908,92.656,0.053,0.039,0.879,0.097,0.845,0.107,0.919,0.1,0.921,0.696,2.09
110886912,177995776,316.851,0.911,91.081,0.056,0.033,0.873,0.11,0.844,0.104,0.922,0.107,0.926,0.679,2.094
111116288,178225152,317.513,0.91,92.252,0.05,0.04,0.874,0.09,0.815,0.109,0.93,0.104,0.926,0.697,2.096
111345664,178454528,318.182,0.906,94.638,0.055,0.039,0.876,0.09,0.827,0.105,0.927,0.114,0.919,0.692,2.093
111575040,178683904,318.84,0.909,94.484,0.054,0.038,0.881,0.104,0.824,0.098,0.941,0.098,0.92,0.699,2.099
111771648,178880512,319.448,0.908,93.978,0.051,0.041,0.853,0.1,0.821,0.107,0.906,0.097,0.929,0.696,2.089
112001024,179109888,320.113,0.909,91.907,0.053,0.038,0.861,0.107,0.838,0.116,0.935,0.111,0.925,0.666,2.096
112230400,179339264,320.799,0.909,94.255,0.054,0.037,0.907,0.106,0.863,0.102,0.903,0.093,0.916,0.699,2.097
112459776,179568640,321.501,0.911,94.585,0.042,0.047,0.851,0.101,0.849,0.099,0.947,0.111,0.923,0.689,2.102
112689152,179798016,322.185,0.912,92.304,0.056,0.032,0.906,0.107,0.799,0.107,0.926,0.093,0.928,0.693,2.095
112918528,180027392,322.878,0.918,93.648,0.046,0.036,0.852,0.104,0.853,0.102,0.923,0.101,0.936,0.693,2.092
113115136,180224000,323.484,0.91,95.632,0.049,0.041,0.846,0.092,0.869,0.101,0.892,0.091,0.926,0.716,2.096
113344512,180453376,324.175,0.905,94.843,0.047,0.048,0.863,0.093,0.854,0.11,0.923,0.107,0.916,0.69,2.101
113573888,180682752,324.852,0.912,92.865,0.051,0.038,0.835,0.103,0.871,0.101,0.904,0.102,0.93,0.693,2.098
113803264,180912128,325.551,0.914,92.544,0.051,0.034,0.869,0.102,0.848,0.107,0.898,0.099,0.934,0.692,2.099
113999872,181108736,326.176,0.914,94.452,0.051,0.036,0.903,0.089,0.844,0.101,0.892,0.102,0.928,0.708,2.099
114229248,181338112,326.866,0.906,93.666,0.053,0.041,0.908,0.102,0.828,0.101,0.941,0.103,0.912,0.694,2.095
114458624,181567488,327.554,0.919,93.516,0.045,0.036,0.879,0.098,0.853,0.106,0.905,0.103,0.937,0.694,2.095
114688000,181796864,328.242,0.92,93.849,0.041,0.038,0.854,0.093,0.876,0.106,0.931,0.095,0.935,0.705,2.101
114917376,182026240,328.937,0.914,93.573,0.045,0.04,0.88,0.109,0.831,0.097,0.924,0.092,0.93,0.703,2.096
115146752,182255616,329.617,0.918,93.754,0.045,0.037,0.89,0.1,0.888,0.112,0.948,0.102,0.922,0.687,2.092
115343360,182452224,330.231,0.929,93.699,0.039,0.032,0.851,0.1,0.884,0.091,0.976,0.102,0.939,0.707,2.098
115572736,182681600,330.923,0.895,95.23,0.058,0.047,0.859,0.106,0.85,0.096,0.908,0.099,0.905,0.699,2.102
115802112,182910976,331.614,0.906,95.925,0.051,0.043,0.85,0.094,0.831,0.091,0.902,0.101,0.924,0.713,2.101
115998720,183107584,332.228,0.926,91.991,0.043,0.031,0.874,0.102,0.876,0.099,0.924,0.106,0.941,0.694,2.104
116195328,183304192,332.829,0.913,92.211,0.049,0.039,0.87,0.112,0.883,0.101,0.911,0.1,0.924,0.687,2.102
116424704,183533568,333.524,0.915,93.419,0.055,0.031,0.898,0.104,0.826,0.091,0.913,0.098,0.929,0.707,2.094
116621312,183730176,334.125,0.925,92.924,0.045,0.031,0.861,0.095,0.866,0.102,0.957,0.098,0.937,0.705,2.096
116850688,183959552,334.817,0.918,92.864,0.053,0.029,0.857,0.113,0.833,0.097,0.933,0.091,0.937,0.699,2.098
117080064,184188928,335.512,0.919,92.28,0.048,0.033,0.875,0.103,0.825,0.111,0.936,0.094,0.939,0.692,2.101
117309440,184418304,336.205,0.916,93.972,0.051,0.032,0.879,0.091,0.807,0.114,0.932,0.096,0.937,0.699,2.1
117538816,184647680,336.9,0.907,93.032,0.055,0.038,0.871,0.107,0.805,0.113,0.903,0.097,0.93,0.683,2.107
117768192,184877056,337.589,0.915,93.403,0.05,0.035,0.897,0.106,0.843,0.098,0.893,0.102,0.931,0.693,2.096
117997568,185106432,338.275,0.923,93.0,0.048,0.03,0.888,0.105,0.864,0.099,0.921,0.097,0.937,0.699,2.097
118194176,185303040,338.895,0.917,95.446,0.047,0.035,0.861,0.098,0.873,0.099,0.934,0.096,0.929,0.707,2.104
118390784,185499648,339.511,0.916,96.741,0.054,0.029,0.857,0.087,0.813,0.091,0.911,0.1,0.937,0.722,2.104
118587392,185696256,340.114,0.92,96.115,0.043,0.037,0.854,0.09,0.853,0.112,0.932,0.1,0.937,0.698,2.098
118816768,185925632,340.806,0.909,94.957,0.047,0.044,0.869,0.088,0.826,0.106,0.915,0.112,0.926,0.693,2.105
119013376,186122240,341.414,0.916,93.297,0.051,0.033,0.88,0.092,0.796,0.099,0.92,0.096,0.937,0.714,2.096
119242752,186351616,342.105,0.904,94.293,0.053,0.043,0.862,0.098,0.82,0.109,0.921,0.109,0.921,0.684,2.104
119439360,186548224,342.709,0.918,92.834,0.046,0.036,0.893,0.109,0.857,0.102,0.934,0.092,0.929,0.696,2.1
119668736,186777600,343.402,0.914,93.25,0.05,0.036,0.884,0.11,0.857,0.103,0.921,0.103,0.926,0.684,2.106
119767040,186875904,347.292,0.906,95.331,0.05,0.043,0.824,0.098,0.823,0.109,0.914,0.09,0.93,0.703,2.106
119996416,187105280,347.984,0.917,93.133,0.05,0.033,0.903,0.095,0.849,0.107,0.921,0.102,0.929,0.696,2.103
120193024,187301888,348.588,0.916,95.194,0.05,0.034,0.9,0.097,0.836,0.103,0.894,0.105,0.933,0.694,2.107
120389632,187498496,349.206,0.918,93.82,0.042,0.04,0.9,0.097,0.846,0.1,0.921,0.103,0.93,0.7,2.108
120619008,187727872,349.893,0.911,93.562,0.052,0.037,0.876,0.108,0.848,0.099,0.878,0.11,0.932,0.683,2.101
120815616,187924480,350.495,0.925,93.645,0.042,0.032,0.889,0.107,0.854,0.101,0.935,0.088,0.94,0.704,2.105
121044992,188153856,351.193,0.919,93.81,0.044,0.037,0.883,0.106,0.865,0.1,0.951,0.1,0.927,0.695,2.105
121241600,188350464,351.804,0.918,94.257,0.042,0.039,0.911,0.107,0.827,0.092,0.895,0.091,0.934,0.71,2.109
121470976,188579840,352.495,0.911,95.75,0.048,0.042,0.903,0.099,0.859,0.095,0.916,0.105,0.918,0.702,2.111
121700352,188809216,353.186,0.9,94.498,0.061,0.039,0.834,0.101,0.838,0.104,0.874,0.098,0.923,0.697,2.105
121929728,189038592,353.871,0.927,93.558,0.039,0.033,0.917,0.093,0.881,0.1,0.956,0.111,0.931,0.696,2.105
122159104,189267968,354.581,0.912,93.181,0.057,0.032,0.887,0.097,0.89,0.1,0.932,0.095,0.915,0.708,2.106
122355712,189464576,355.199,0.918,94.109,0.048,0.034,0.874,0.095,0.854,0.105,0.925,0.096,0.932,0.704,2.105
122585088,189693952,355.89,0.913,93.45,0.046,0.041,0.873,0.107,0.832,0.11,0.91,0.091,0.932,0.691,2.11
122814464,189923328,356.589,0.907,92.903,0.058,0.036,0.881,0.105,0.824,0.11,0.9,0.105,0.925,0.68,2.103
123043840,190152704,357.284,0.916,94.293,0.048,0.036,0.85,0.104,0.865,0.1,0.903,0.098,0.935,0.699,2.097
123273216,190382080,357.977,0.91,95.101,0.048,0.042,0.841,0.099,0.85,0.102,0.914,0.101,0.929,0.698,2.106
123502592,190611456,358.657,0.912,93.132,0.052,0.036,0.868,0.102,0.859,0.115,0.948,0.103,0.923,0.68,2.105
123731968,190840832,359.344,0.903,96.831,0.052,0.045,0.866,0.109,0.858,0.091,0.895,0.104,0.916,0.696,2.106
123928576,191037440,359.946,0.918,92.47,0.043,0.039,0.839,0.103,0.829,0.108,0.961,0.096,0.938,0.693,2.1
124157952,191266816,360.636,0.912,95.36,0.047,0.041,0.859,0.1,0.797,0.098,0.909,0.1,0.936,0.702,2.106
124354560,191463424,361.241,0.927,93.787,0.044,0.03,0.915,0.096,0.891,0.097,0.962,0.114,0.928,0.693,2.099
124551168,191660032,361.851,0.922,94.207,0.036,0.042,0.917,0.103,0.825,0.106,0.932,0.098,0.936,0.693,2.103
124747776,191856640,362.458,0.925,94.856,0.042,0.033,0.903,0.091,0.824,0.1,0.927,0.107,0.942,0.702,2.098
124944384,192053248,363.059,0.887,99.387,0.049,0.064,0.86,0.097,0.786,0.101,0.888,0.104,0.905,0.697,2.117
125140992,192249856,363.662,0.901,98.962,0.05,0.049,0.909,0.093,0.847,0.091,0.9,0.105,0.907,0.711,2.109
125337600,192446464,364.265,0.914,95.182,0.044,0.042,0.919,0.107,0.82,0.094,0.923,0.101,0.925,0.697,2.106
125534208,192643072,364.865,0.912,96.983,0.044,0.044,0.874,0.094,0.833,0.11,0.923,0.09,0.928,0.706,2.111
125730816,192839680,365.469,0.923,95.935,0.041,0.037,0.889,0.101,0.791,0.093,0.939,0.103,0.942,0.702,2.106
125927424,193036288,366.071,0.914,92.328,0.048,0.038,0.853,0.105,0.83,0.116,0.911,0.111,0.938,0.668,2.108
126124032,193232896,366.695,0.909,95.65,0.056,0.035,0.861,0.101,0.813,0.106,0.935,0.089,0.927,0.704,2.102
126320640,193429504,367.312,0.892,94.978,0.062,0.046,0.857,0.119,0.811,0.111,0.851,0.101,0.918,0.67,2.118
126550016,193658880,368.011,0.911,93.978,0.056,0.033,0.855,0.104,0.875,0.104,0.913,0.093,0.924,0.698,2.107
126746624,193855488,368.639,0.918,93.164,0.048,0.034,0.854,0.098,0.847,0.109,0.928,0.099,0.937,0.693,2.102
126943232,194052096,369.256,0.913,94.058,0.056,0.031,0.912,0.104,0.782,0.103,0.908,0.099,0.933,0.694,2.103
127172608,194281472,369.95,0.906,96.397,0.048,0.046,0.84,0.099,0.828,0.099,0.92,0.109,0.925,0.692,2.109
127401984,194510848,370.651,0.918,95.198,0.047,0.035,0.847,0.103,0.827,0.099,0.942,0.1,0.938,0.698,2.107
127598592,194707456,371.258,0.907,94.588,0.045,0.048,0.909,0.105,0.854,0.115,0.894,0.1,0.918,0.681,2.106
127795200,194904064,371.866,0.92,92.436,0.048,0.032,0.866,0.102,0.832,0.107,0.926,0.109,0.942,0.682,2.103
128024576,195133440,372.571,0.908,93.838,0.053,0.039,0.856,0.102,0.846,0.116,0.915,0.091,0.925,0.691,2.097
128253952,195362816,373.248,0.906,96.684,0.051,0.042,0.854,0.108,0.789,0.085,0.896,0.098,0.929,0.71,2.111
128483328,195592192,373.945,0.923,95.466,0.038,0.039,0.909,0.096,0.846,0.095,0.928,0.104,0.934,0.706,2.105
128712704,195821568,374.637,0.915,95.744,0.045,0.04,0.842,0.103,0.829,0.095,0.932,0.099,0.934,0.704,2.108
128909312,196018176,375.254,0.926,91.163,0.052,0.022,0.898,0.109,0.865,0.1,0.916,0.11,0.941,0.68,2.096
129138688,196247552,375.929,0.916,94.596,0.046,0.038,0.904,0.099,0.824,0.101,0.887,0.098,0.935,0.702,2.103
129368064,196476928,376.591,0.903,96.246,0.047,0.05,0.869,0.108,0.872,0.101,0.912,0.105,0.912,0.687,2.103
129597440,196706304,377.262,0.915,95.01,0.047,0.037,0.887,0.092,0.846,0.1,0.925,0.094,0.927,0.713,2.099
129826816,196935680,377.958,0.919,93.299,0.049,0.033,0.868,0.096,0.84,0.112,0.931,0.094,0.937,0.699,2.097
130056192,197165056,378.634,0.913,96.052,0.039,0.048,0.854,0.101,0.874,0.087,0.942,0.109,0.922,0.703,2.107
130285568,197394432,379.298,0.917,95.014,0.04,0.044,0.876,0.103,0.822,0.111,0.939,0.095,0.935,0.691,2.104
130383872,197492736,383.164,0.916,96.616,0.046,0.038,0.833,0.088,0.83,0.104,0.975,0.118,0.929,0.69,2.104
130613248,197722112,383.838,0.921,93.392,0.046,0.034,0.881,0.099,0.827,0.099,0.921,0.097,0.939,0.705,2.098
130842624,197951488,384.521,0.918,95.428,0.045,0.037,0.849,0.098,0.823,0.098,0.93,0.095,0.939,0.709,2.101
131072000,198180864,385.196,0.918,92.507,0.05,0.031,0.829,0.103,0.867,0.123,0.888,0.087,0.945,0.687,2.101
131268608,198377472,385.796,0.924,95.503,0.032,0.044,0.921,0.097,0.879,0.1,0.907,0.104,0.933,0.699,2.106
131465216,198574080,386.399,0.92,94.978,0.04,0.04,0.871,0.102,0.828,0.094,0.944,0.122,0.936,0.682,2.109
131694592,198803456,387.094,0.927,94.168,0.038,0.035,0.876,0.099,0.868,0.099,0.927,0.107,0.943,0.696,2.099
131891200,199000064,387.718,0.936,91.751,0.038,0.026,0.892,0.091,0.876,0.102,0.933,0.111,0.95,0.696,2.099
132120576,199229440,388.412,0.91,95.983,0.048,0.042,0.878,0.082,0.857,0.108,0.888,0.104,0.926,0.706,2.112
132317184,199426048,389.035,0.921,96.409,0.044,0.035,0.864,0.09,0.851,0.096,0.923,0.096,0.937,0.719,2.109
132513792,199622656,389.641,0.926,94.203,0.045,0.029,0.882,0.098,0.834,0.107,0.914,0.095,0.948,0.699,2.11
132710400,199819264,390.242,0.918,94.661,0.048,0.034,0.902,0.099,0.829,0.104,0.929,0.102,0.932,0.695,2.1
132939776,200048640,390.937,0.911,95.101,0.051,0.038,0.843,0.103,0.831,0.103,0.931,0.096,0.93,0.698,2.107
133169152,200278016,391.624,0.918,98.111,0.038,0.044,0.813,0.085,0.82,0.103,0.905,0.091,0.946,0.721,2.115
133398528,200507392,392.318,0.905,96.605,0.048,0.047,0.854,0.106,0.82,0.105,0.928,0.099,0.923,0.691,2.109
133627904,200736768,393.02,0.92,92.524,0.051,0.03,0.866,0.1,0.836,0.101,0.93,0.098,0.938,0.701,2.099
133857280,200966144,393.709,0.932,93.922,0.036,0.032,0.884,0.099,0.873,0.1,0.943,0.107,0.946,0.693,2.103
134053888,201162752,394.364,0.919,94.589,0.048,0.033,0.861,0.093,0.87,0.096,0.95,0.097,0.929,0.713,2.105
134250496,201359360,394.982,0.927,94.242,0.038,0.035,0.863,0.101,0.85,0.103,0.928,0.106,0.948,0.69,2.103
134447104,201555968,395.599,0.909,95.457,0.052,0.039,0.861,0.098,0.836,0.095,0.892,0.099,0.928,0.709,2.105
134643712,201752576,396.223,0.928,94.48,0.032,0.04,0.895,0.101,0.844,0.099,0.923,0.1,0.946,0.701,2.102
134840320,201949184,396.842,0.915,96.936,0.048,0.036,0.87,0.094,0.877,0.092,0.947,0.093,0.922,0.721,2.11
135036928,202145792,397.451,0.903,96.807,0.046,0.051,0.859,0.101,0.833,0.099,0.899,0.097,0.919,0.703,2.114
135233536,202342400,398.059,0.916,93.107,0.049,0.035,0.85,0.105,0.852,0.1,0.919,0.099,0.935,0.696,2.106
135462912,202571776,398.755,0.919,92.293,0.045,0.036,0.862,0.111,0.871,0.106,0.936,0.094,0.933,0.69,2.105
135659520,202768384,399.356,0.93,93.879,0.042,0.028,0.869,0.095,0.853,0.104,0.941,0.097,0.948,0.704,2.105
135856128,202964992,399.959,0.931,93.552,0.043,0.025,0.913,0.093,0.868,0.105,0.904,0.099,0.947,0.703,2.104
136052736,203161600,400.573,0.913,94.59,0.049,0.038,0.865,0.11,0.861,0.104,0.903,0.089,0.93,0.697,2.104
136249344,203358208,401.186,0.928,94.221,0.042,0.029,0.892,0.094,0.886,0.097,0.932,0.107,0.939,0.702,2.097
136445952,203554816,401.802,0.925,94.82,0.042,0.033,0.856,0.099,0.821,0.091,0.917,0.104,0.949,0.706,2.101
136642560,203751424,402.416,0.919,97.124,0.046,0.035,0.838,0.092,0.812,0.093,0.894,0.099,0.947,0.716,2.103
136839168,203948032,403.038,0.922,96.407,0.036,0.043,0.878,0.096,0.844,0.1,0.96,0.097,0.934,0.707,2.105
137035776,204144640,403.647,0.918,94.497,0.049,0.033,0.847,0.1,0.867,0.094,0.919,0.1,0.934,0.706,2.105
137232384,204341248,404.267,0.923,94.145,0.045,0.031,0.884,0.091,0.857,0.11,0.94,0.096,0.936,0.703,2.096
137428992,204537856,404.871,0.928,93.499,0.047,0.024,0.89,0.1,0.876,0.096,0.901,0.097,0.944,0.706,2.099
137625600,204734464,405.475,0.902,95.259,0.055,0.043,0.843,0.096,0.835,0.118,0.892,0.104,0.924,0.681,2.113
137854976,204963840,406.175,0.895,95.849,0.059,0.046,0.876,0.094,0.847,0.111,0.888,0.108,0.906,0.687,2.116
138051584,205160448,406.792,0.911,95.836,0.047,0.042,0.879,0.104,0.858,0.089,0.946,0.099,0.918,0.708,2.11
138248192,205357056,407.402,0.91,96.285,0.047,0.043,0.856,0.096,0.842,0.11,0.969,0.081,0.921,0.713,2.116
138477568,205586432,408.104,0.918,96.003,0.04,0.042,0.831,0.106,0.847,0.103,0.91,0.087,0.943,0.704,2.111
138674176,205783040,408.71,0.923,94.178,0.042,0.035,0.891,0.103,0.867,0.099,0.919,0.103,0.936,0.696,2.106
138870784,205979648,409.311,0.9,93.838,0.055,0.046,0.911,0.096,0.822,0.111,0.907,0.101,0.909,0.692,2.103
139067392,206176256,409.92,0.91,95.153,0.048,0.042,0.865,0.093,0.843,0.101,0.908,0.115,0.926,0.691,2.109
139264000,206372864,410.549,0.917,93.696,0.048,0.035,0.861,0.111,0.837,0.1,0.903,0.104,0.94,0.685,2.106
139460608,206569472,411.177,0.92,94.319,0.047,0.033,0.864,0.102,0.855,0.099,0.942,0.1,0.934,0.699,2.104
139657216,206766080,411.802,0.912,97.852,0.041,0.047,0.829,0.09,0.876,0.108,0.913,0.097,0.928,0.705,2.117
139853824,206962688,412.412,0.914,98.113,0.04,0.046,0.869,0.102,0.856,0.093,0.91,0.099,0.928,0.706,2.11
140050432,207159296,413.023,0.914,94.999,0.05,0.036,0.884,0.091,0.845,0.1,0.933,0.108,0.925,0.7,2.106
140247040,207355904,413.633,0.93,95.67,0.037,0.033,0.919,0.104,0.832,0.088,0.917,0.095,0.946,0.714,2.109
140443648,207552512,414.24,0.921,94.49,0.042,0.037,0.87,0.11,0.841,0.099,0.91,0.101,0.942,0.69,2.108
140673024,207781888,414.935,0.93,94.315,0.037,0.034,0.92,0.103,0.853,0.095,0.919,0.106,0.943,0.697,2.103
140836864,207945728,419.011,0.919,97.351,0.041,0.04,0.872,0.089,0.838,0.103,0.902,0.104,0.94,0.704,2.11
141066240,208175104,419.701,0.922,94.071,0.043,0.035,0.877,0.097,0.834,0.101,0.926,0.1,0.94,0.702,2.099
141262848,208371712,420.31,0.927,93.195,0.041,0.032,0.875,0.109,0.842,0.105,0.958,0.101,0.944,0.685,2.103
141459456,208568320,420.915,0.93,92.891,0.041,0.029,0.855,0.104,0.868,0.103,0.937,0.097,0.949,0.696,2.105
141688832,208797696,421.61,0.918,94.124,0.049,0.033,0.884,0.099,0.869,0.101,0.911,0.092,0.93,0.708,2.096
141918208,209027072,422.306,0.93,93.296,0.04,0.03,0.873,0.103,0.881,0.1,0.918,0.094,0.947,0.703,2.1
142147584,209256448,422.988,0.906,98.733,0.048,0.046,0.861,0.09,0.839,0.096,0.93,0.104,0.917,0.711,2.104
142376960,209485824,423.661,0.93,93.557,0.041,0.029,0.9,0.09,0.882,0.107,0.941,0.103,0.939,0.7,2.102
142606336,209715200,424.336,0.923,93.666,0.045,0.032,0.884,0.088,0.872,0.118,0.906,0.1,0.939,0.694,2.103
142802944,209911808,424.944,0.915,96.036,0.043,0.043,0.845,0.104,0.803,0.099,0.938,0.095,0.937,0.702,2.106
142999552,210108416,425.565,0.925,92.839,0.045,0.029,0.902,0.101,0.849,0.088,0.917,0.102,0.939,0.709,2.095
143228928,210337792,426.261,0.926,93.483,0.044,0.03,0.901,0.099,0.868,0.108,0.929,0.097,0.939,0.695,2.099
143425536,210534400,426.869,0.925,94.611,0.044,0.031,0.843,0.089,0.881,0.109,0.905,0.091,0.944,0.711,2.101
143622144,210731008,427.483,0.91,96.396,0.05,0.04,0.858,0.096,0.856,0.091,0.927,0.108,0.922,0.705,2.102
143818752,210927616,428.083,0.929,94.103,0.04,0.031,0.872,0.094,0.86,0.099,0.916,0.109,0.949,0.698,2.1
144048128,211156992,428.775,0.927,95.503,0.039,0.034,0.854,0.094,0.819,0.099,0.923,0.109,0.953,0.698,2.108
144244736,211353600,429.389,0.91,95.604,0.045,0.045,0.877,0.103,0.82,0.119,0.953,0.083,0.925,0.696,2.111
144441344,211550208,429.99,0.927,92.983,0.04,0.033,0.895,0.103,0.883,0.105,0.933,0.106,0.937,0.687,2.099
144637952,211746816,430.596,0.909,94.43,0.05,0.041,0.844,0.101,0.797,0.106,0.949,0.104,0.929,0.689,2.11
144834560,211943424,431.197,0.935,94.256,0.032,0.033,0.885,0.099,0.885,0.099,0.9,0.11,0.954,0.691,2.098
145031168,212140032,431.799,0.921,95.781,0.042,0.036,0.837,0.096,0.846,0.108,0.941,0.083,0.942,0.714,2.113
145260544,212369408,432.502,0.91,97.021,0.047,0.042,0.861,0.101,0.797,0.101,0.924,0.09,0.932,0.708,2.108
145457152,212566016,433.109,0.926,94.811,0.04,0.035,0.853,0.092,0.84,0.102,0.933,0.1,0.946,0.706,2.102
145686528,212795392,433.797,0.922,94.386,0.039,0.04,0.886,0.105,0.848,0.108,0.922,0.1,0.939,0.686,2.107
145883136,212992000,434.398,0.912,94.756,0.04,0.048,0.86,0.096,0.842,0.113,0.886,0.114,0.936,0.677,2.114
146079744,213188608,434.999,0.916,95.645,0.042,0.042,0.865,0.111,0.849,0.103,0.931,0.098,0.932,0.688,2.109
146276352,213385216,435.6,0.92,94.862,0.043,0.037,0.879,0.097,0.856,0.098,0.935,0.105,0.932,0.7,2.1
146505728,213614592,436.297,0.906,97.697,0.043,0.051,0.813,0.093,0.853,0.101,0.885,0.107,0.929,0.699,2.122
146735104,213843968,436.995,0.923,94.871,0.042,0.035,0.819,0.107,0.864,0.1,0.952,0.103,0.943,0.69,2.112
146931712,214040576,437.601,0.918,94.204,0.044,0.038,0.853,0.095,0.837,0.109,0.919,0.107,0.94,0.689,2.11
147161088,214269952,438.294,0.921,93.141,0.05,0.029,0.843,0.098,0.827,0.113,0.927,0.1,0.947,0.689,2.102
147390464,214499328,438.971,0.914,93.803,0.048,0.038,0.905,0.107,0.829,0.114,0.916,0.102,0.93,0.677,2.106
147619840,214728704,439.677,0.922,93.543,0.043,0.035,0.845,0.102,0.81,0.105,0.934,0.104,0.949,0.689,2.111
147849216,214958080,440.377,0.93,94.587,0.03,0.04,0.879,0.103,0.872,0.101,0.949,0.098,0.943,0.698,2.107
148045824,215154688,440.979,0.909,94.868,0.046,0.045,0.869,0.096,0.844,0.115,0.92,0.091,0.924,0.698,2.108
148242432,215351296,441.58,0.926,93.062,0.04,0.035,0.913,0.102,0.827,0.119,0.926,0.088,0.945,0.691,2.106
148439040,215547904,442.192,0.927,94.336,0.037,0.036,0.861,0.104,0.858,0.105,0.924,0.108,0.948,0.683,2.111
148635648,215744512,442.802,0.927,93.002,0.044,0.029,0.876,0.099,0.856,0.095,0.938,0.1,0.942,0.707,2.1
148832256,215941120,443.403,0.917,96.855,0.04,0.043,0.877,0.1,0.867,0.104,0.918,0.09,0.929,0.706,2.112
149061632,216170496,444.103,0.919,93.995,0.038,0.043,0.868,0.103,0.842,0.107,0.948,0.102,0.934,0.689,2.104
149258240,216367104,444.705,0.935,91.966,0.037,0.028,0.889,0.101,0.882,0.095,0.946,0.096,0.948,0.708,2.105
149454848,216563712,445.309,0.914,96.044,0.041,0.045,0.865,0.101,0.824,0.099,0.909,0.096,0.935,0.703,2.116
149651456,216760320,445.91,0.912,96.642,0.049,0.039,0.825,0.094,0.795,0.097,0.93,0.097,0.937,0.711,2.111
149848064,216956928,446.514,0.921,91.072,0.049,0.03,0.863,0.112,0.864,0.103,0.934,0.1,0.938,0.686,2.11
150044672,217153536,447.118,0.904,97.957,0.046,0.05,0.871,0.093,0.793,0.111,0.934,0.105,0.921,0.691,2.117
150274048,217382912,447.812,0.917,95.266,0.047,0.036,0.865,0.096,0.813,0.116,0.917,0.095,0.942,0.693,2.108
150470656,217579520,448.414,0.932,94.777,0.04,0.027,0.889,0.095,0.885,0.092,0.92,0.107,0.946,0.706,2.095
150667264,217776128,449.015,0.918,95.521,0.05,0.032,0.872,0.088,0.827,0.096,0.954,0.106,0.931,0.711,2.102
150863872,217972736,449.617,0.913,98.089,0.039,0.048,0.809,0.097,0.847,0.101,0.938,0.088,0.934,0.714,2.116
151060480,218169344,450.22,0.913,93.86,0.05,0.037,0.88,0.088,0.846,0.119,0.934,0.101,0.925,0.692,2.108
151257088,218365952,450.821,0.918,96.778,0.038,0.044,0.826,0.09,0.831,0.096,0.93,0.112,0.94,0.702,2.121
151388160,218497024,454.792,0.92,96.188,0.036,0.044,0.9,0.104,0.878,0.091,0.932,0.087,0.927,0.718,2.11
151584768,218693632,455.397,0.913,93.882,0.046,0.041,0.901,0.111,0.848,0.106,0.897,0.083,0.927,0.7,2.108
151814144,218923008,456.084,0.907,95.115,0.046,0.046,0.85,0.097,0.831,0.113,0.919,0.102,0.926,0.688,2.113
152010752,219119616,456.687,0.914,94.775,0.044,0.042,0.868,0.105,0.83,0.102,0.94,0.104,0.93,0.688,2.108
152240128,219348992,457.377,0.928,93.512,0.036,0.036,0.871,0.098,0.895,0.113,0.926,0.111,0.943,0.678,2.104
152436736,219545600,457.979,0.926,95.298,0.036,0.037,0.894,0.095,0.854,0.105,0.925,0.102,0.942,0.698,2.097
152633344,219742208,458.581,0.927,93.113,0.044,0.03,0.898,0.094,0.856,0.093,0.924,0.107,0.94,0.705,2.105
152829952,219938816,459.189,0.926,91.602,0.046,0.029,0.888,0.099,0.853,0.113,0.94,0.1,0.941,0.688,2.102
153059328,220168192,459.886,0.923,94.676,0.043,0.034,0.877,0.094,0.884,0.1,0.931,0.114,0.934,0.692,2.102
153255936,220364800,460.487,0.912,94.712,0.048,0.04,0.848,0.099,0.844,0.108,0.916,0.11,0.931,0.684,2.11
153452544,220561408,461.089,0.928,94.544,0.038,0.034,0.841,0.096,0.868,0.109,0.92,0.09,0.95,0.705,2.103
153681920,220790784,461.783,0.923,95.061,0.037,0.04,0.889,0.104,0.851,0.103,0.885,0.107,0.945,0.686,2.104
153878528,220987392,462.385,0.928,90.863,0.05,0.023,0.901,0.103,0.873,0.11,0.897,0.094,0.944,0.693,2.096
154075136,221184000,462.987,0.923,92.292,0.047,0.029,0.853,0.105,0.866,0.108,0.937,0.105,0.941,0.682,2.097
154271744,221380608,463.589,0.923,95.23,0.047,0.03,0.883,0.103,0.8,0.094,0.937,0.093,0.943,0.71,2.106
154468352,221577216,464.192,0.914,96.716,0.043,0.042,0.877,0.1,0.888,0.093,0.901,0.105,0.925,0.703,2.108
154664960,221773824,464.794,0.927,93.419,0.039,0.034,0.859,0.107,0.853,0.1,0.947,0.088,0.946,0.704,2.103
154894336,222003200,465.484,0.921,94.125,0.047,0.032,0.873,0.101,0.809,0.101,0.929,0.104,0.943,0.694,2.103
155123712,222232576,466.171,0.92,95.424,0.043,0.037,0.894,0.095,0.866,0.1,0.916,0.1,0.932,0.706,2.106
155353088,222461952,466.865,0.93,92.067,0.033,0.037,0.894,0.112,0.861,0.111,0.925,0.1,0.948,0.677,2.101
155549696,222658560,467.467,0.922,94.473,0.05,0.029,0.877,0.091,0.82,0.1,0.949,0.104,0.938,0.705,2.103
155746304,222855168,468.068,0.919,95.839,0.038,0.043,0.845,0.107,0.81,0.099,0.92,0.097,0.945,0.697,2.114
155942912,223051776,468.674,0.918,94.288,0.046,0.035,0.88,0.101,0.854,0.099,0.931,0.112,0.931,0.688,2.11
156139520,223248384,469.276,0.914,92.769,0.052,0.034,0.896,0.108,0.827,0.108,0.922,0.102,0.929,0.682,2.102
156336128,223444992,469.877,0.923,93.811,0.046,0.031,0.893,0.102,0.798,0.1,0.941,0.097,0.943,0.701,2.107
156565504,223674368,470.566,0.924,91.554,0.041,0.034,0.884,0.117,0.829,0.103,0.93,0.103,0.945,0.677,2.104
156762112,223870976,471.167,0.925,94.653,0.037,0.038,0.867,0.097,0.842,0.106,0.956,0.099,0.942,0.698,2.109
156991488,224100352,471.846,0.929,93.664,0.038,0.033,0.924,0.097,0.865,0.112,0.942,0.098,0.939,0.693,2.103
157188096,224296960,472.457,0.926,93.547,0.046,0.028,0.874,0.099,0.866,0.104,0.898,0.099,0.946,0.698,2.102
157417472,224526336,473.147,0.92,96.537,0.038,0.041,0.883,0.097,0.865,0.105,0.897,0.102,0.937,0.696,2.109
157614080,224722944,473.748,0.926,96.06,0.036,0.038,0.842,0.099,0.922,0.1,0.926,0.099,0.938,0.701,2.108
157810688,224919552,474.349,0.904,97.023,0.054,0.042,0.822,0.092,0.791,0.097,0.915,0.105,0.929,0.706,2.115
158007296,225116160,474.951,0.909,96.456,0.047,0.044,0.853,0.094,0.845,0.101,0.914,0.109,0.925,0.696,2.104
158203904,225312768,475.552,0.924,94.905,0.04,0.036,0.884,0.104,0.82,0.099,0.946,0.09,0.942,0.707,2.104
158400512,225509376,476.154,0.92,94.484,0.041,0.039,0.879,0.093,0.884,0.106,0.901,0.1,0.934,0.701,2.109
158629888,225738752,476.846,0.919,92.756,0.05,0.031,0.883,0.098,0.878,0.101,0.903,0.119,0.933,0.683,2.11
158826496,225935360,477.449,0.929,93.779,0.04,0.031,0.872,0.112,0.891,0.092,0.93,0.095,0.943,0.702,2.099
159023104,226131968,478.051,0.928,94.799,0.033,0.039,0.925,0.104,0.842,0.096,0.935,0.105,0.939,0.695,2.104
159252480,226361344,478.738,0.918,95.099,0.04,0.042,0.878,0.111,0.859,0.094,0.922,0.1,0.932,0.695,2.112
159481856,226590720,479.427,0.926,93.562,0.034,0.04,0.871,0.104,0.855,0.104,0.935,0.101,0.944,0.691,2.108
159678464,226787328,480.027,0.928,95.739,0.034,0.038,0.856,0.097,0.883,0.108,0.937,0.092,0.943,0.702,2.112
159875072,226983936,480.628,0.918,93.489,0.043,0.039,0.863,0.107,0.812,0.111,0.906,0.096,0.945,0.686,2.114
160104448,227213312,481.304,0.928,92.17,0.038,0.034,0.888,0.104,0.859,0.109,0.917,0.092,0.947,0.695,2.111
160301056,227409920,481.905,0.928,94.831,0.035,0.037,0.895,0.111,0.841,0.097,0.919,0.095,0.946,0.697,2.117
160530432,227639296,482.59,0.919,94.858,0.04,0.041,0.867,0.102,0.84,0.098,0.922,0.105,0.938,0.696,2.113
160727040,227835904,483.19,0.93,94.279,0.038,0.032,0.87,0.1,0.842,0.101,0.948,0.092,0.949,0.706,2.113
160923648,228032512,483.791,0.931,94.708,0.035,0.034,0.81,0.098,0.878,0.106,0.931,0.098,0.955,0.698,2.106
161120256,228229120,484.393,0.924,94.984,0.039,0.037,0.887,0.098,0.84,0.1,0.93,0.097,0.94,0.704,2.101
161316864,228425728,484.994,0.926,96.362,0.041,0.034,0.86,0.087,0.838,0.097,0.949,0.095,0.942,0.721,2.107
161513472,228622336,485.597,0.918,92.922,0.043,0.039,0.826,0.106,0.91,0.115,0.924,0.105,0.933,0.675,2.112
161710080,228818944,486.2,0.933,93.298,0.036,0.031,0.903,0.093,0.855,0.102,0.958,0.091,0.945,0.714,2.095
161906688,229015552,486.803,0.921,93.43,0.041,0.038,0.91,0.101,0.911,0.101,0.914,0.099,0.925,0.699,2.099
162004992,229113856,490.687,0.92,93.816,0.043,0.037,0.851,0.092,0.845,0.107,0.925,0.104,0.94,0.696,2.118
162201600,229310464,491.287,0.917,96.237,0.038,0.045,0.885,0.101,0.81,0.102,0.94,0.097,0.935,0.7,2.111
162398208,229507072,491.889,0.927,92.733,0.042,0.031,0.877,0.104,0.895,0.099,0.943,0.107,0.937,0.69,2.105
162594816,229703680,492.496,0.916,97.204,0.042,0.041,0.863,0.09,0.876,0.092,0.932,0.116,0.926,0.703,2.097
162824192,229933056,493.188,0.925,94.924,0.038,0.037,0.887,0.103,0.849,0.107,0.925,0.1,0.942,0.69,2.112
163020800,230129664,493.79,0.927,93.287,0.041,0.032,0.842,0.108,0.888,0.11,0.948,0.091,0.944,0.691,2.101
163250176,230359040,494.473,0.927,93.599,0.038,0.035,0.873,0.1,0.896,0.098,0.945,0.105,0.937,0.697,2.111
163446784,230555648,495.075,0.936,93.304,0.034,0.031,0.878,0.109,0.897,0.088,0.947,0.098,0.948,0.705,2.1
163643392,230752256,495.679,0.929,93.402,0.038,0.033,0.84,0.101,0.846,0.1,0.937,0.099,0.953,0.7,2.11
163840000,230948864,496.282,0.924,97.169,0.035,0.04,0.838,0.097,0.84,0.104,0.934,0.089,0.947,0.71,2.111
164069376,231178240,496.959,0.915,96.25,0.043,0.041,0.848,0.094,0.846,0.104,0.912,0.1,0.935,0.701,2.106
164265984,231374848,497.561,0.932,94.594,0.035,0.032,0.882,0.102,0.864,0.099,0.92,0.102,0.951,0.696,2.108
164462592,231571456,498.163,0.923,96.196,0.033,0.044,0.821,0.109,0.851,0.105,0.953,0.093,0.946,0.693,2.117
164691968,231800832,498.854,0.931,94.408,0.037,0.032,0.911,0.098,0.855,0.103,0.935,0.096,0.944,0.704,2.099
164888576,231997440,499.456,0.915,97.731,0.04,0.044,0.878,0.098,0.828,0.101,0.912,0.102,0.934,0.699,2.11
165085184,232194048,500.067,0.911,96.227,0.047,0.042,0.889,0.101,0.86,0.105,0.905,0.102,0.923,0.692,2.105
165314560,232423424,500.752,0.924,95.352,0.039,0.037,0.84,0.106,0.861,0.101,0.942,0.099,0.943,0.693,2.107
165511168,232620032,501.363,0.916,95.044,0.043,0.041,0.845,0.1,0.806,0.108,0.913,0.106,0.944,0.686,2.109
165707776,232816640,501.966,0.927,95.267,0.037,0.036,0.849,0.105,0.88,0.092,0.914,0.107,0.947,0.695,2.107
165904384,233013248,502.57,0.924,93.763,0.048,0.029,0.869,0.109,0.873,0.101,0.901,0.096,0.943,0.695,2.1
166100992,233209856,503.183,0.916,93.19,0.056,0.029,0.899,0.103,0.881,0.104,0.918,0.099,0.923,0.694,2.092
166330368,233439232,503.865,0.928,93.91,0.043,0.03,0.894,0.101,0.845,0.106,0.948,0.087,0.942,0.707,2.1
166559744,233668608,504.539,0.926,95.404,0.039,0.035,0.858,0.097,0.872,0.101,0.896,0.104,0.947,0.698,2.107
166789120,233897984,505.219,0.903,96.55,0.055,0.042,0.813,0.097,0.803,0.109,0.918,0.102,0.929,0.692,2.109
167018496,234127360,505.914,0.916,94.342,0.045,0.039,0.85,0.112,0.857,0.097,0.922,0.089,0.934,0.703,2.111
167215104,234323968,506.515,0.932,92.76,0.04,0.028,0.898,0.104,0.857,0.11,0.975,0.095,0.943,0.691,2.1
167444480,234553344,507.189,0.931,93.493,0.043,0.027,0.878,0.106,0.884,0.098,0.941,0.097,0.944,0.699,2.105
167673856,234782720,507.888,0.916,97.708,0.042,0.041,0.811,0.103,0.831,0.098,0.925,0.091,0.942,0.709,2.116
167870464,234979328,508.537,0.915,94.575,0.044,0.042,0.906,0.098,0.795,0.102,0.938,0.101,0.93,0.699,2.111
168099840,235208704,509.221,0.921,96.854,0.029,0.05,0.846,0.098,0.857,0.1,0.892,0.093,0.945,0.708,2.109
168329216,235438080,509.893,0.928,95.961,0.032,0.04,0.896,0.105,0.871,0.095,0.902,0.09,0.943,0.71,2.106
168558592,235667456,510.563,0.921,96.753,0.036,0.043,0.876,0.092,0.87,0.107,0.93,0.108,0.934,0.693,2.112
168787968,235896832,511.24,0.927,93.69,0.045,0.028,0.896,0.098,0.878,0.103,0.894,0.092,0.942,0.707,2.103
168984576,236093440,511.844,0.923,95.812,0.043,0.034,0.873,0.092,0.845,0.101,0.94,0.097,0.938,0.71,2.099
169181184,236290048,512.445,0.922,93.339,0.043,0.035,0.885,0.1,0.819,0.103,0.919,0.1,0.942,0.697,2.103
169377792,236486656,513.046,0.905,98.311,0.046,0.049,0.832,0.098,0.817,0.101,0.902,0.087,0.928,0.714,2.112
169574400,236683264,513.665,0.929,94.214,0.033,0.037,0.87,0.103,0.843,0.088,0.94,0.104,0.947,0.705,2.108
169771008,236879872,514.279,0.929,94.663,0.038,0.033,0.839,0.089,0.907,0.097,0.947,0.107,0.941,0.706,2.095
169967616,237076480,514.906,0.919,97.83,0.04,0.04,0.862,0.09,0.824,0.096,0.933,0.097,0.937,0.716,2.101
170196992,237305856,515.605,0.921,93.648,0.043,0.036,0.868,0.106,0.84,0.1,0.925,0.098,0.94,0.696,2.104
170393600,237502464,516.21,0.919,95.047,0.043,0.039,0.891,0.097,0.829,0.105,0.905,0.096,0.938,0.702,2.106
170590208,237699072,516.813,0.913,95.067,0.047,0.04,0.856,0.104,0.848,0.108,0.901,0.103,0.934,0.685,2.105
170819584,237928448,517.503,0.924,94.637,0.04,0.036,0.873,0.1,0.883,0.105,0.917,0.099,0.938,0.695,2.102
171048960,238157824,518.189,0.929,93.726,0.037,0.033,0.858,0.102,0.863,0.103,0.932,0.097,0.949,0.698,2.105
171245568,238354432,518.799,0.928,97.226,0.027,0.045,0.867,0.097,0.88,0.095,0.938,0.104,0.941,0.705,2.106
171474944,238583808,519.484,0.909,98.244,0.044,0.047,0.833,0.1,0.801,0.109,0.892,0.103,0.939,0.688,2.118
171704320,238813184,520.171,0.889,96.83,0.062,0.049,0.855,0.105,0.831,0.102,0.889,0.099,0.903,0.694,2.106
171933696,239042560,520.846,0.923,96.559,0.039,0.038,0.89,0.099,0.887,0.097,0.93,0.097,0.931,0.708,2.105
172163072,239271936,521.505,0.928,97.111,0.037,0.035,0.884,0.102,0.79,0.095,0.948,0.106,0.95,0.697,2.112
172392448,239501312,522.177,0.928,93.128,0.039,0.034,0.898,0.107,0.843,0.113,0.927,0.099,0.946,0.682,2.096
172621824,239730688,526.454,0.925,94.608,0.038,0.038,0.885,0.113,0.805,0.095,0.908,0.104,0.95,0.688,2.107
172851200,239960064,527.139,0.908,97.594,0.052,0.04,0.823,0.106,0.852,0.092,0.929,0.107,0.925,0.696,2.107
173047808,240156672,527.747,0.902,95.773,0.046,0.052,0.861,0.109,0.868,0.1,0.879,0.101,0.916,0.69,2.12
173277184,240386048,528.442,0.916,96.361,0.046,0.039,0.859,0.104,0.833,0.105,0.9,0.105,0.939,0.686,2.114
173506560,240615424,529.133,0.933,96.663,0.032,0.035,0.883,0.097,0.889,0.103,0.919,0.093,0.948,0.707,2.105
173703168,240812032,529.734,0.919,95.927,0.045,0.036,0.881,0.114,0.861,0.094,0.913,0.089,0.934,0.702,2.107
173932544,241041408,530.421,0.914,95.402,0.049,0.037,0.858,0.1,0.842,0.1,0.926,0.101,0.931,0.7,2.115
174129152,241238016,531.035,0.924,95.64,0.039,0.037,0.873,0.1,0.858,0.106,0.943,0.093,0.938,0.701,2.111
174358528,241467392,531.735,0.929,95.306,0.041,0.03,0.888,0.1,0.885,0.098,0.971,0.1,0.935,0.702,2.109
174555136,241664000,532.348,0.933,94.098,0.046,0.021,0.878,0.093,0.89,0.1,0.919,0.1,0.948,0.707,2.099
174751744,241860608,532.956,0.932,93.602,0.035,0.033,0.848,0.114,0.869,0.088,0.953,0.102,0.95,0.696,2.103
174948352,242057216,533.569,0.926,96.498,0.036,0.038,0.891,0.098,0.905,0.097,0.898,0.101,0.938,0.704,2.103
175144960,242253824,534.183,0.926,93.98,0.041,0.033,0.827,0.107,0.84,0.09,0.966,0.097,0.946,0.706,2.099
175341568,242450432,534.79,0.941,92.366,0.034,0.025,0.893,0.096,0.859,0.1,0.926,0.101,0.961,0.702,2.099
175538176,242647040,535.412,0.926,93.23,0.042,0.032,0.867,0.114,0.839,0.103,0.949,0.093,0.945,0.691,2.105
175734784,242843648,536.022,0.919,95.356,0.046,0.035,0.864,0.097,0.869,0.094,0.943,0.094,0.93,0.715,2.094
175931392,243040256,536.631,0.929,93.54,0.041,0.029,0.894,0.103,0.833,0.107,0.948,0.1,0.947,0.691,2.103
176128000,243236864,537.241,0.924,91.381,0.045,0.031,0.9,0.108,0.867,0.098,0.911,0.11,0.938,0.683,2.099
176324608,243433472,537.868,0.933,95.465,0.037,0.03,0.869,0.097,0.876,0.087,0.939,0.096,0.948,0.72,2.098
176553984,243662848,538.566,0.922,95.019,0.037,0.041,0.863,0.1,0.853,0.104,0.938,0.1,0.939,0.696,2.116
176783360,243892224,539.23,0.904,96.751,0.048,0.048,0.841,0.103,0.864,0.108,0.906,0.098,0.919,0.691,2.113
177012736,244121600,539.925,0.921,94.648,0.04,0.039,0.902,0.106,0.824,0.106,0.92,0.103,0.939,0.685,2.11
177242112,244350976,540.616,0.898,97.481,0.054,0.049,0.879,0.102,0.829,0.102,0.916,0.096,0.908,0.699,2.114
177471488,244580352,541.308,0.926,96.441,0.036,0.038,0.877,0.089,0.835,0.094,0.936,0.105,0.942,0.712,2.106
177668096,244776960,541.912,0.934,93.328,0.037,0.029,0.876,0.107,0.889,0.098,0.927,0.111,0.95,0.684,2.102
177864704,244973568,542.515,0.913,95.242,0.05,0.037,0.845,0.106,0.829,0.088,0.913,0.101,0.933,0.705,2.11
178061312,245170176,543.117,0.93,95.051,0.034,0.036,0.866,0.098,0.883,0.096,0.94,0.098,0.943,0.708,2.101
178257920,245366784,543.723,0.929,92.647,0.043,0.028,0.883,0.1,0.896,0.103,0.919,0.098,0.941,0.699,2.101
178487296,245596160,544.422,0.928,92.944,0.036,0.036,0.857,0.113,0.896,0.108,0.934,0.104,0.945,0.674,2.107
178683904,245792768,545.025,0.933,94.037,0.038,0.029,0.9,0.101,0.882,0.106,0.96,0.096,0.941,0.697,2.107
178880512,245989376,545.63,0.909,95.613,0.052,0.038,0.87,0.094,0.828,0.1,0.927,0.1,0.924,0.706,2.113
179109888,246218752,546.32,0.926,94.468,0.038,0.036,0.871,0.102,0.836,0.095,0.924,0.098,0.946,0.705,2.102
179306496,246415360,546.922,0.937,93.631,0.037,0.026,0.868,0.098,0.886,0.096,0.932,0.098,0.955,0.708,2.106
179503104,246611968,547.524,0.924,92.447,0.042,0.033,0.891,0.107,0.866,0.105,0.938,0.099,0.937,0.689,2.1
179699712,246808576,548.125,0.929,91.952,0.038,0.033,0.888,0.116,0.908,0.111,0.939,0.099,0.938,0.674,2.099
179896320,247005184,548.728,0.928,94.015,0.043,0.029,0.881,0.093,0.875,0.108,0.925,0.102,0.943,0.697,2.104
180092928,247201792,549.329,0.917,96.032,0.042,0.041,0.864,0.1,0.879,0.101,0.902,0.099,0.932,0.699,2.117
180289536,247398400,549.931,0.926,93.547,0.041,0.034,0.851,0.104,0.851,0.105,0.92,0.106,0.95,0.685,2.106
180486144,247595008,550.533,0.917,94.154,0.051,0.031,0.882,0.102,0.822,0.101,0.914,0.096,0.936,0.701,2.109
180682752,247791616,551.135,0.929,94.645,0.039,0.031,0.853,0.098,0.866,0.097,0.929,0.101,0.949,0.704,2.103
180879360,247988224,551.738,0.929,94.377,0.045,0.027,0.861,0.089,0.853,0.097,0.928,0.112,0.948,0.702,2.104
181075968,248184832,552.34,0.913,94.875,0.041,0.046,0.861,0.102,0.866,0.112,0.956,0.1,0.923,0.686,2.104
181272576,248381440,552.943,0.931,93.909,0.037,0.032,0.893,0.094,0.856,0.1,0.94,0.103,0.946,0.702,2.095
181469184,248578048,553.545,0.929,93.403,0.043,0.029,0.856,0.102,0.864,0.101,0.934,0.1,0.948,0.696,2.106
181665792,248774656,554.16,0.922,94.261,0.048,0.029,0.843,0.104,0.831,0.096,0.954,0.103,0.942,0.696,2.116
181862400,248971264,554.767,0.911,93.198,0.05,0.039,0.85,0.105,0.846,0.117,0.926,0.096,0.93,0.682,2.114
182059008,249167872,555.369,0.93,92.892,0.035,0.034,0.874,0.101,0.84,0.104,0.907,0.102,0.956,0.693,2.104
182255616,249364480,555.973,0.925,93.539,0.04,0.034,0.873,0.113,0.844,0.1,0.93,0.095,0.945,0.691,2.104
182452224,249561088,556.577,0.926,93.621,0.038,0.036,0.858,0.104,0.844,0.107,0.923,0.099,0.95,0.689,2.104
182648832,249757696,557.179,0.917,94.607,0.044,0.039,0.848,0.107,0.866,0.1,0.911,0.102,0.936,0.691,2.107
182878208,249987072,557.868,0.921,94.672,0.04,0.039,0.865,0.095,0.853,0.106,0.96,0.115,0.932,0.684,2.105
183074816,250183680,558.471,0.917,95.777,0.043,0.04,0.892,0.1,0.839,0.107,0.947,0.102,0.928,0.69,2.119
183173120,250281984,562.357,0.912,94.759,0.047,0.041,0.885,0.1,0.814,0.108,0.872,0.09,0.936,0.702,2.114
183369728,250478592,562.974,0.919,96.086,0.034,0.048,0.869,0.094,0.867,0.099,0.912,0.106,0.934,0.701,2.114
183566336,250675200,563.578,0.923,95.492,0.046,0.03,0.86,0.093,0.807,0.102,0.936,0.105,0.947,0.7,2.104
183762944,250871808,564.199,0.918,96.297,0.037,0.045,0.874,0.11,0.795,0.096,0.92,0.104,0.942,0.69,2.118
183959552,251068416,564.8,0.908,95.459,0.052,0.04,0.873,0.1,0.851,0.098,0.899,0.101,0.922,0.701,2.104
184156160,251265024,565.412,0.919,95.099,0.039,0.042,0.879,0.099,0.878,0.106,0.953,0.103,0.926,0.692,2.108
184352768,251461632,566.03,0.922,96.132,0.043,0.035,0.873,0.1,0.86,0.09,0.926,0.099,0.936,0.711,2.104
184549376,251658240,566.688,0.906,96.939,0.053,0.041,0.874,0.098,0.874,0.099,0.897,0.105,0.917,0.698,2.111
184745984,251854848,567.298,0.915,94.937,0.045,0.039,0.849,0.099,0.834,0.102,0.968,0.105,0.929,0.695,2.105
184942592,252051456,567.916,0.928,94.557,0.039,0.033,0.873,0.109,0.841,0.096,0.934,0.102,0.948,0.693,2.106
185139200,252248064,568.531,0.912,95.995,0.045,0.043,0.853,0.101,0.797,0.1,0.943,0.105,0.932,0.695,2.111
185335808,252444672,569.132,0.924,95.148,0.041,0.034,0.872,0.093,0.895,0.105,0.915,0.085,0.937,0.717,2.106
185532416,252641280,569.746,0.919,94.718,0.049,0.033,0.876,0.101,0.874,0.1,0.877,0.106,0.938,0.692,2.104
185729024,252837888,570.355,0.915,95.88,0.041,0.043,0.876,0.11,0.833,0.105,0.881,0.094,0.939,0.691,2.105
185925632,253034496,570.993,0.924,96.046,0.041,0.035,0.885,0.11,0.857,0.095,0.915,0.098,0.94,0.697,2.11
186122240,253231104,571.611,0.931,94.008,0.038,0.031,0.838,0.104,0.821,0.111,0.945,0.106,0.961,0.679,2.112
186318848,253427712,572.222,0.868,101.052,0.063,0.07,0.858,0.087,0.833,0.108,0.835,0.094,0.878,0.711,2.124
186515456,253624320,572.829,0.932,95.521,0.029,0.039,0.893,0.099,0.86,0.113,0.935,0.105,0.949,0.683,2.111
186712064,253820928,573.435,0.924,93.915,0.04,0.037,0.864,0.106,0.856,0.091,0.891,0.11,0.947,0.693,2.108
186908672,254017536,574.051,0.914,95.478,0.042,0.044,0.901,0.103,0.906,0.103,0.91,0.102,0.917,0.692,2.109
187105280,254214144,574.665,0.923,94.564,0.038,0.039,0.899,0.099,0.855,0.106,0.935,0.103,0.936,0.692,2.114
187301888,254410752,575.295,0.926,94.095,0.041,0.033,0.862,0.104,0.892,0.092,0.916,0.09,0.941,0.714,2.104
187498496,254607360,575.91,0.926,91.286,0.048,0.027,0.865,0.117,0.816,0.104,0.941,0.096,0.951,0.683,2.104
187695104,254803968,576.523,0.918,94.9,0.044,0.039,0.88,0.105,0.841,0.101,0.94,0.104,0.931,0.69,2.11
187891712,255000576,577.129,0.914,93.246,0.052,0.033,0.852,0.118,0.799,0.096,0.909,0.099,0.942,0.687,2.106
188088320,255197184,577.736,0.926,92.401,0.046,0.028,0.881,0.099,0.843,0.105,0.883,0.101,0.951,0.695,2.11
188284928,255393792,578.345,0.9,97.756,0.056,0.044,0.883,0.088,0.843,0.101,0.895,0.099,0.911,0.712,2.11
188481536,255590400,578.961,0.935,93.469,0.035,0.03,0.856,0.1,0.884,0.099,0.93,0.11,0.955,0.691,2.105
188710912,255819776,579.669,0.915,96.085,0.05,0.036,0.869,0.092,0.858,0.105,0.927,0.092,0.927,0.711,2.106
188907520,256016384,580.285,0.929,94.227,0.039,0.032,0.858,0.109,0.908,0.1,0.925,0.096,0.944,0.695,2.11
189104128,256212992,580.886,0.899,98.101,0.048,0.053,0.865,0.103,0.815,0.097,0.884,0.099,0.918,0.701,2.117
189300736,256409600,581.493,0.926,95.211,0.041,0.033,0.876,0.094,0.87,0.097,0.947,0.101,0.938,0.708,2.105
189497344,256606208,582.094,0.919,95.944,0.034,0.046,0.887,0.103,0.865,0.101,0.908,0.1,0.934,0.696,2.115
189693952,256802816,582.735,0.923,96.56,0.04,0.037,0.844,0.101,0.859,0.091,0.92,0.104,0.944,0.704,2.118
189890560,256999424,583.355,0.922,95.45,0.042,0.037,0.851,0.104,0.852,0.098,0.948,0.093,0.938,0.705,2.115
190087168,257196032,583.986,0.931,91.675,0.039,0.03,0.853,0.118,0.884,0.09,0.92,0.106,0.953,0.686,2.107
190283776,257392640,584.616,0.923,93.047,0.04,0.036,0.811,0.107,0.865,0.108,0.952,0.118,0.946,0.667,2.109
190480384,257589248,585.225,0.923,94.895,0.045,0.032,0.876,0.101,0.835,0.091,0.925,0.097,0.941,0.711,2.108
190676992,257785856,585.841,0.915,94.433,0.047,0.037,0.857,0.108,0.845,0.103,0.946,0.098,0.931,0.691,2.11
190873600,257982464,586.453,0.925,96.377,0.034,0.041,0.883,0.104,0.846,0.104,0.918,0.089,0.944,0.702,2.112
191102976,258211840,587.15,0.927,93.458,0.045,0.028,0.858,0.098,0.871,0.107,0.91,0.099,0.947,0.696,2.106
191299584,258408448,587.752,0.911,95.958,0.047,0.042,0.86,0.111,0.86,0.091,0.886,0.103,0.93,0.695,2.117
191528960,258637824,588.441,0.922,95.497,0.041,0.037,0.86,0.095,0.886,0.098,0.917,0.106,0.937,0.7,2.116
191725568,258834432,589.045,0.925,94.297,0.042,0.034,0.854,0.095,0.85,0.1,0.955,0.107,0.94,0.698,2.112
191922176,259031040,589.647,0.918,95.773,0.043,0.038,0.863,0.092,0.835,0.109,0.894,0.101,0.942,0.698,2.112
192118784,259227648,590.249,0.925,94.417,0.039,0.036,0.901,0.102,0.841,0.099,0.893,0.098,0.945,0.7,2.115
192315392,259424256,590.852,0.917,95.233,0.046,0.037,0.863,0.099,0.883,0.096,0.929,0.096,0.928,0.709,2.117
192512000,259620864,591.454,0.923,95.726,0.047,0.03,0.916,0.098,0.804,0.096,0.911,0.093,0.941,0.713,2.11
192708608,259817472,592.059,0.925,93.6,0.039,0.035,0.898,0.103,0.913,0.104,0.93,0.101,0.931,0.692,2.107
192905216,260014080,592.662,0.936,91.71,0.036,0.029,0.885,0.11,0.845,0.103,0.947,0.115,0.956,0.672,2.106
193101824,260210688,593.287,0.906,95.366,0.05,0.045,0.89,0.11,0.826,0.097,0.889,0.096,0.921,0.696,2.11
193331200,260440064,593.983,0.924,93.967,0.046,0.03,0.892,0.107,0.825,0.094,0.927,0.101,0.941,0.699,2.105
193527808,260636672,598.165,0.922,96.032,0.046,0.031,0.869,0.097,0.81,0.085,0.91,0.103,0.945,0.714,2.11
193724416,260833280,598.766,0.914,97.31,0.043,0.043,0.883,0.097,0.867,0.096,0.873,0.109,0.932,0.697,2.113
193953792,261062656,599.455,0.921,94.339,0.041,0.038,0.87,0.108,0.872,0.096,0.894,0.105,0.94,0.691,2.105
194183168,261292032,600.14,0.915,97.551,0.045,0.04,0.879,0.095,0.883,0.084,0.904,0.098,0.925,0.723,2.099
194379776,261488640,600.742,0.923,94.987,0.035,0.042,0.852,0.101,0.871,0.097,0.933,0.094,0.939,0.708,2.106
194576384,261685248,601.344,0.918,93.863,0.044,0.038,0.866,0.099,0.891,0.109,0.911,0.085,0.931,0.706,2.105
194772992,261881856,601.947,0.92,96.416,0.043,0.037,0.8,0.11,0.86,0.091,0.946,0.082,0.943,0.717,2.111
194969600,262078464,602.554,0.933,94.889,0.036,0.031,0.886,0.106,0.866,0.09,0.931,0.098,0.949,0.706,2.106
195166208,262275072,603.159,0.916,97.104,0.04,0.044,0.844,0.104,0.856,0.099,0.945,0.107,0.931,0.69,2.11
195395584,262504448,603.859,0.926,95.329,0.042,0.032,0.873,0.095,0.855,0.098,0.923,0.103,0.944,0.704,2.112
195624960,262733824,604.558,0.927,95.114,0.043,0.03,0.893,0.089,0.871,0.106,0.936,0.098,0.939,0.707,2.108
195821568,262930432,605.16,0.919,94.516,0.044,0.037,0.856,0.09,0.822,0.116,0.918,0.094,0.944,0.7,2.113
196018176,263127040,605.762,0.918,94.231,0.041,0.041,0.886,0.11,0.887,0.102,0.942,0.091,0.924,0.697,2.118
196214784,263323648,606.363,0.896,97.604,0.051,0.053,0.846,0.104,0.826,0.109,0.939,0.09,0.909,0.698,2.126
196411392,263520256,606.965,0.917,97.768,0.038,0.044,0.854,0.102,0.836,0.091,0.939,0.098,0.934,0.709,2.122
196608000,263716864,607.565,0.922,94.959,0.039,0.039,0.84,0.101,0.916,0.103,0.943,0.1,0.931,0.695,2.111
196804608,263913472,608.166,0.92,95.536,0.046,0.034,0.854,0.095,0.839,0.107,0.952,0.102,0.937,0.696,2.111
197001216,264110080,608.769,0.918,94.678,0.041,0.04,0.896,0.101,0.826,0.112,0.897,0.101,0.94,0.686,2.112
197197824,264306688,609.371,0.925,95.588,0.034,0.041,0.875,0.101,0.854,0.096,0.925,0.11,0.942,0.692,2.112
197394432,264503296,609.972,0.905,99.601,0.04,0.055,0.856,0.099,0.892,0.099,0.923,0.093,0.912,0.709,2.12
197591040,264699904,610.574,0.919,98.459,0.037,0.043,0.827,0.089,0.847,0.091,0.964,0.097,0.934,0.722,2.118
197787648,264896512,611.177,0.914,97.574,0.044,0.042,0.859,0.098,0.855,0.081,0.925,0.105,0.926,0.715,2.112
197984256,265093120,611.794,0.917,95.815,0.043,0.04,0.854,0.101,0.843,0.094,0.938,0.111,0.932,0.694,2.113
198180864,265289728,612.398,0.928,93.733,0.043,0.029,0.879,0.102,0.823,0.102,0.924,0.1,0.951,0.696,2.103
198344704,265453568,613.045,0.919,95.564,0.044,0.037,0.834,0.109,0.89,0.101,0.933,0.104,0.934,0.686,2.108
198574080,265682944,613.739,0.923,95.739,0.037,0.04,0.894,0.091,0.878,0.103,0.947,0.096,0.931,0.71,2.109
198803456,265912320,614.428,0.928,94.769,0.036,0.036,0.877,0.107,0.849,0.095,0.937,0.104,0.946,0.694,2.11
199032832,266141696,615.116,0.901,96.203,0.05,0.049,0.861,0.103,0.846,0.103,0.885,0.102,0.917,0.692,2.125
199229440,266338304,615.725,0.909,94.729,0.05,0.041,0.882,0.106,0.825,0.096,0.915,0.096,0.923,0.702,2.111
199426048,266534912,616.326,0.915,93.907,0.049,0.036,0.87,0.114,0.849,0.104,0.896,0.101,0.936,0.681,2.108
199622656,266731520,616.929,0.927,93.534,0.045,0.028,0.899,0.105,0.867,0.105,0.893,0.099,0.945,0.691,2.11
199819264,266928128,617.529,0.923,95.261,0.041,0.036,0.869,0.102,0.851,0.097,0.917,0.103,0.942,0.697,2.106
200015872,267124736,618.132,0.918,96.684,0.038,0.044,0.87,0.1,0.866,0.093,0.898,0.093,0.934,0.714,2.119
200212480,267321344,618.735,0.903,95.718,0.055,0.042,0.88,0.113,0.824,0.104,0.926,0.091,0.916,0.692,2.112
200409088,267517952,619.337,0.914,96.709,0.044,0.042,0.826,0.096,0.846,0.099,0.92,0.098,0.934,0.707,2.118
200605696,267714560,619.938,0.928,92.991,0.041,0.03,0.88,0.103,0.9,0.109,0.929,0.094,0.94,0.694,2.115
200835072,267943936,620.626,0.91,98.239,0.04,0.05,0.85,0.102,0.857,0.098,0.917,0.098,0.925,0.702,2.116
201031680,268140544,621.228,0.935,94.59,0.033,0.032,0.873,0.095,0.844,0.099,0.941,0.106,0.955,0.7,2.106
201228288,268337152,621.829,0.918,93.872,0.043,0.039,0.873,0.106,0.854,0.105,0.898,0.108,0.938,0.682,2.109
201424896,268533760,622.431,0.919,95.596,0.042,0.04,0.834,0.099,0.845,0.106,0.933,0.094,0.94,0.7,2.114
201621504,268730368,623.035,0.924,95.749,0.035,0.041,0.871,0.101,0.866,0.101,0.945,0.097,0.937,0.7,2.118
201818112,268926976,623.637,0.918,93.128,0.044,0.038,0.887,0.102,0.788,0.108,0.924,0.107,0.943,0.684,2.098
202014720,269123584,624.24,0.918,96.735,0.041,0.041,0.901,0.094,0.862,0.092,0.901,0.1,0.93,0.714,2.114
202244096,269352960,624.928,0.913,95.632,0.053,0.034,0.878,0.096,0.844,0.099,0.893,0.105,0.931,0.7,2.108
202440704,269549568,625.529,0.923,95.199,0.038,0.039,0.856,0.094,0.887,0.112,0.9,0.102,0.942,0.692,2.119
202637312,269746176,626.131,0.918,95.48,0.046,0.036,0.848,0.1,0.877,0.1,0.955,0.109,0.928,0.691,2.114
202833920,269942784,626.733,0.919,95.331,0.045,0.036,0.845,0.106,0.872,0.087,0.923,0.106,0.936,0.7,2.113
203030528,270139392,627.336,0.922,95.441,0.038,0.04,0.86,0.104,0.888,0.095,0.942,0.1,0.933,0.701,2.115
203227136,270336000,627.937,0.905,98.27,0.052,0.042,0.831,0.101,0.888,0.104,0.902,0.092,0.919,0.702,2.113
203423744,270532608,628.539,0.916,97.812,0.038,0.046,0.863,0.101,0.838,0.101,0.914,0.087,0.936,0.71,2.111
203620352,270729216,629.14,0.909,95.934,0.043,0.048,0.896,0.107,0.89,0.088,0.928,0.114,0.911,0.69,2.121
203816960,270925824,629.74,0.92,94.465,0.047,0.033,0.893,0.094,0.807,0.101,0.942,0.115,0.936,0.69,2.107
204013568,271122432,630.344,0.934,93.28,0.037,0.029,0.876,0.096,0.874,0.103,0.97,0.112,0.945,0.688,2.108
204046336,271155200,634.041,0.93,91.826,0.036,0.034,0.9,0.104,0.725,0.132,0.936,0.122,0.976,0.642,2.096
204242944,271351808,634.641,0.911,95.428,0.049,0.041,0.875,0.102,0.868,0.115,0.941,0.1,0.919,0.683,2.11
204439552,271548416,635.242,0.911,97.642,0.047,0.042,0.856,0.103,0.844,0.095,0.882,0.096,0.932,0.706,2.114
204636160,271745024,635.842,0.91,94.91,0.052,0.038,0.843,0.105,0.812,0.101,0.951,0.109,0.928,0.685,2.113
204832768,271941632,636.444,0.913,95.523,0.049,0.039,0.824,0.1,0.837,0.107,0.94,0.097,0.933,0.696,2.111
205029376,272138240,637.047,0.92,93.853,0.045,0.035,0.888,0.102,0.87,0.11,0.916,0.103,0.933,0.685,2.105
205225984,272334848,637.649,0.921,92.618,0.051,0.028,0.9,0.107,0.866,0.111,0.916,0.089,0.934,0.693,2.105
205422592,272531456,638.249,0.933,92.93,0.036,0.031,0.867,0.093,0.857,0.113,0.931,0.111,0.955,0.682,2.111
205619200,272728064,638.851,0.922,96.062,0.044,0.034,0.872,0.095,0.861,0.101,0.903,0.095,0.939,0.71,2.103
205815808,272924672,639.452,0.906,93.916,0.057,0.037,0.881,0.106,0.83,0.097,0.898,0.109,0.922,0.688,2.112
206012416,273121280,640.055,0.919,94.986,0.045,0.036,0.825,0.099,0.857,0.108,0.909,0.101,0.944,0.692,2.119
206209024,273317888,640.655,0.905,97.595,0.05,0.045,0.892,0.093,0.85,0.103,0.846,0.094,0.923,0.71,2.119
206405632,273514496,641.258,0.91,97.549,0.045,0.045,0.829,0.103,0.797,0.099,0.894,0.102,0.941,0.696,2.123
206635008,273743872,641.945,0.907,96.873,0.044,0.049,0.862,0.104,0.85,0.115,0.886,0.097,0.926,0.683,2.113
206831616,273940480,642.592,0.902,97.372,0.048,0.05,0.827,0.101,0.877,0.102,0.937,0.103,0.912,0.695,2.112
207060992,274169856,643.283,0.916,96.456,0.041,0.043,0.867,0.101,0.841,0.098,0.917,0.101,0.933,0.701,2.112
207290368,274399232,643.971,0.927,95.713,0.033,0.04,0.882,0.102,0.86,0.096,0.929,0.1,0.942,0.703,2.108
207486976,274595840,644.576,0.922,95.997,0.039,0.039,0.888,0.095,0.892,0.09,0.9,0.112,0.934,0.703,2.109
207683584,274792448,645.178,0.917,94.415,0.044,0.039,0.885,0.101,0.86,0.104,0.916,0.103,0.93,0.692,2.116
207880192,274989056,645.782,0.915,95.596,0.042,0.042,0.85,0.104,0.87,0.109,0.921,0.092,0.931,0.696,2.119
208076800,275185664,646.384,0.922,95.31,0.041,0.037,0.861,0.097,0.896,0.107,0.92,0.096,0.934,0.7,2.106
208273408,275382272,646.985,0.926,95.725,0.042,0.032,0.882,0.091,0.85,0.098,0.903,0.1,0.945,0.711,2.105
208470016,275578880,647.586,0.923,94.808,0.039,0.038,0.88,0.097,0.853,0.102,0.953,0.102,0.935,0.699,2.11
208699392,275808256,648.275,0.929,94.746,0.041,0.03,0.862,0.101,0.871,0.093,0.919,0.102,0.948,0.704,2.111
208896000,276004864,648.878,0.929,93.328,0.039,0.032,0.921,0.103,0.886,0.101,0.915,0.095,0.939,0.701,2.108
209092608,276201472,649.479,0.919,95.702,0.049,0.032,0.894,0.096,0.828,0.099,0.911,0.103,0.936,0.702,2.11
209289216,276398080,650.082,0.906,97.763,0.049,0.045,0.86,0.096,0.835,0.106,0.914,0.105,0.923,0.694,2.121
209518592,276627456,650.771,0.912,95.914,0.046,0.042,0.855,0.098,0.831,0.104,0.903,0.099,0.933,0.698,2.114
209747968,276856832,651.462,0.914,95.307,0.043,0.043,0.813,0.1,0.895,0.107,0.949,0.106,0.926,0.688,2.117
209944576,277053440,652.064,0.924,94.768,0.038,0.038,0.876,0.105,0.891,0.093,0.923,0.112,0.935,0.69,2.101
210141184,277250048,652.666,0.91,97.423,0.05,0.04,0.883,0.089,0.864,0.095,0.879,0.095,0.923,0.721,2.104
210337792,277446656,653.269,0.92,94.975,0.043,0.038,0.884,0.104,0.892,0.107,0.9,0.102,0.932,0.686,2.11
210534400,277643264,653.872,0.931,96.242,0.034,0.035,0.845,0.097,0.869,0.1,0.935,0.097,0.951,0.706,2.11
210763776,277872640,654.56,0.919,97.765,0.043,0.038,0.885,0.096,0.879,0.091,0.908,0.102,0.93,0.71,2.107
210960384,278069248,655.161,0.93,94.186,0.041,0.029,0.869,0.096,0.856,0.1,0.923,0.1,0.949,0.704,2.106
211156992,278265856,655.764,0.907,95.098,0.051,0.041,0.883,0.1,0.873,0.115,0.894,0.096,0.919,0.689,2.115
211386368,278495232,656.464,0.925,94.128,0.04,0.035,0.871,0.108,0.883,0.095,0.909,0.1,0.941,0.698,2.112
211582976,278691840,657.065,0.9,96.582,0.053,0.047,0.863,0.101,0.833,0.11,0.903,0.087,0.915,0.703,2.114
211779584,278888448,657.667,0.899,95.42,0.055,0.045,0.86,0.11,0.829,0.101,0.906,0.102,0.915,0.687,2.117
211976192,279085056,658.271,0.929,92.986,0.042,0.028,0.904,0.099,0.885,0.111,0.925,0.101,0.941,0.69,2.103
212172800,279281664,658.874,0.932,94.47,0.039,0.029,0.895,0.106,0.847,0.098,0.93,0.103,0.95,0.693,2.103
212369408,279478272,659.475,0.912,95.428,0.046,0.042,0.888,0.112,0.86,0.097,0.935,0.097,0.92,0.694,2.108
212566016,279674880,660.077,0.927,93.849,0.047,0.026,0.901,0.111,0.856,0.099,0.922,0.098,0.943,0.692,2.111
212762624,279871488,660.68,0.916,96.777,0.041,0.043,0.876,0.092,0.836,0.108,0.911,0.089,0.934,0.711,2.116
212959232,280068096,661.283,0.919,95.438,0.042,0.039,0.905,0.102,0.853,0.106,0.935,0.09,0.929,0.702,2.113
213188608,280297472,661.969,0.934,94.904,0.035,0.03,0.888,0.096,0.872,0.101,0.93,0.089,0.95,0.714,2.109
213417984,280526848,662.657,0.908,95.133,0.055,0.037,0.834,0.107,0.848,0.101,0.908,0.099,0.928,0.694,2.11
213614592,280723456,663.259,0.928,93.22,0.043,0.029,0.888,0.11,0.905,0.099,0.928,0.092,0.938,0.699,2.1
213811200,280920064,663.862,0.919,93.694,0.048,0.033,0.909,0.1,0.846,0.102,0.911,0.102,0.933,0.696,2.103
214007808,281116672,664.464,0.916,93.6,0.049,0.035,0.883,0.106,0.84,0.116,0.932,0.099,0.932,0.679,2.106
214204416,281313280,665.065,0.925,94.7,0.04,0.035,0.9,0.101,0.86,0.103,0.925,0.102,0.938,0.694,2.106
214433792,281542656,665.754,0.922,94.915,0.042,0.036,0.895,0.099,0.851,0.1,0.964,0.103,0.929,0.698,2.108
214597632,281706496,669.83,0.91,95.087,0.058,0.032,0.849,0.096,0.88,0.101,0.896,0.105,0.925,0.698,2.107
214794240,281903104,670.431,0.933,92.173,0.038,0.03,0.88,0.097,0.851,0.104,0.942,0.097,0.951,0.701,2.102
214990848,282099712,671.034,0.921,94.79,0.048,0.031,0.882,0.091,0.827,0.115,0.917,0.105,0.942,0.69,2.098
215187456,282296320,671.65,0.927,93.53,0.047,0.026,0.861,0.1,0.864,0.102,0.946,0.097,0.943,0.701,2.111
215384064,282492928,672.251,0.909,96.914,0.051,0.04,0.88,0.09,0.85,0.114,0.91,0.098,0.922,0.699,2.108
215580672,282689536,672.853,0.923,96.324,0.043,0.034,0.829,0.095,0.838,0.104,0.912,0.101,0.95,0.7,2.109
215777280,282886144,673.455,0.919,96.021,0.042,0.039,0.886,0.103,0.863,0.096,0.933,0.103,0.929,0.698,2.109
215973888,283082752,674.058,0.919,96.223,0.04,0.041,0.828,0.106,0.873,0.101,0.918,0.096,0.939,0.697,2.116
216203264,283312128,674.746,0.923,96.504,0.042,0.036,0.845,0.1,0.9,0.1,0.887,0.089,0.941,0.711,2.112
216399872,283508736,675.349,0.93,95.608,0.038,0.032,0.881,0.086,0.876,0.098,0.929,0.109,0.944,0.706,2.113
216596480,283705344,675.95,0.91,95.28,0.051,0.039,0.86,0.105,0.821,0.093,0.926,0.105,0.927,0.698,2.106
216793088,283901952,676.553,0.914,95.744,0.048,0.038,0.885,0.101,0.87,0.097,0.944,0.104,0.92,0.698,2.099
216989696,284098560,677.155,0.914,94.184,0.053,0.033,0.89,0.1,0.854,0.105,0.903,0.099,0.927,0.695,2.114
217186304,284295168,677.758,0.917,94.268,0.05,0.032,0.853,0.104,0.798,0.095,0.934,0.102,0.941,0.699,2.109
217382912,284491776,678.36,0.92,95.721,0.042,0.037,0.851,0.098,0.84,0.106,0.921,0.098,0.942,0.699,2.11
217579520,284688384,678.962,0.941,93.652,0.036,0.023,0.873,0.098,0.876,0.096,0.956,0.109,0.957,0.697,2.109
217776128,284884992,679.565,0.908,97.086,0.051,0.041,0.865,0.095,0.892,0.101,0.9,0.109,0.917,0.695,2.12
217972736,285081600,680.169,0.915,97.437,0.038,0.047,0.878,0.105,0.893,0.101,0.886,0.104,0.928,0.689,2.115
218169344,285278208,680.772,0.916,94.62,0.049,0.035,0.894,0.11,0.84,0.091,0.92,0.097,0.929,0.701,2.109
218365952,285474816,681.372,0.92,94.006,0.044,0.036,0.876,0.1,0.842,0.106,0.925,0.108,0.938,0.686,2.113
218562560,285671424,681.975,0.917,94.803,0.045,0.038,0.844,0.098,0.852,0.107,0.955,0.107,0.931,0.688,2.111
218759168,285868032,682.578,0.9,95.674,0.058,0.041,0.859,0.11,0.846,0.11,0.908,0.101,0.915,0.679,2.116
218955776,286064640,683.182,0.925,94.332,0.042,0.033,0.846,0.097,0.891,0.111,0.944,0.096,0.938,0.696,2.114
219152384,286261248,683.784,0.916,96.684,0.045,0.039,0.867,0.092,0.831,0.104,0.893,0.1,0.938,0.703,2.114
219348992,286457856,684.386,0.905,98.272,0.052,0.044,0.905,0.1,0.847,0.102,0.903,0.093,0.913,0.706,2.117
219545600,286654464,684.988,0.925,95.295,0.033,0.042,0.846,0.098,0.872,0.103,0.953,0.104,0.94,0.695,2.115
219774976,286883840,685.689,0.925,93.828,0.043,0.031,0.883,0.091,0.875,0.112,0.923,0.101,0.939,0.696,2.109
219971584,287080448,686.293,0.919,96.034,0.044,0.036,0.831,0.092,0.839,0.106,0.949,0.095,0.939,0.707,2.116
220168192,287277056,686.895,0.934,92.822,0.039,0.027,0.847,0.103,0.883,0.109,0.955,0.106,0.951,0.682,2.114
220364800,287473664,687.511,0.911,96.691,0.044,0.045,0.895,0.107,0.843,0.105,0.942,0.084,0.92,0.703,2.118
220594176,287703040,688.21,0.92,92.779,0.048,0.032,0.844,0.109,0.837,0.104,0.937,0.097,0.942,0.691,2.113
220790784,287899648,688.814,0.93,95.365,0.035,0.035,0.892,0.098,0.871,0.108,0.93,0.09,0.944,0.703,2.11
220987392,288096256,689.425,0.921,92.928,0.046,0.032,0.841,0.105,0.854,0.101,0.955,0.096,0.938,0.697,2.116
221184000,288292864,690.028,0.927,95.421,0.038,0.035,0.86,0.087,0.9,0.112,0.95,0.097,0.936,0.704,2.112
221380608,288489472,690.645,0.923,94.735,0.04,0.037,0.891,0.11,0.835,0.09,0.931,0.098,0.938,0.702,2.107
221577216,288686080,691.262,0.915,96.353,0.044,0.041,0.892,0.095,0.837,0.096,0.938,0.103,0.925,0.707,2.103
221773824,288882688,691.868,0.927,94.808,0.045,0.028,0.826,0.11,0.886,0.101,0.936,0.097,0.948,0.692,2.108
221970432,289079296,692.482,0.911,94.056,0.051,0.038,0.873,0.106,0.869,0.106,0.894,0.104,0.926,0.685,2.104
222167040,289275904,693.086,0.934,93.704,0.037,0.028,0.838,0.086,0.871,0.104,0.931,0.111,0.956,0.7,2.111
222363648,289472512,693.705,0.92,95.594,0.047,0.034,0.884,0.096,0.858,0.096,0.965,0.098,0.927,0.71,2.118
222560256,289669120,694.319,0.918,92.71,0.054,0.028,0.845,0.098,0.815,0.095,0.942,0.099,0.939,0.709,2.116
222756864,289865728,694.937,0.92,96.833,0.047,0.033,0.878,0.084,0.829,0.101,0.933,0.103,0.936,0.712,2.114
222953472,290062336,695.551,0.922,93.657,0.044,0.034,0.893,0.098,0.869,0.106,0.941,0.106,0.931,0.69,2.112
223150080,290258944,696.152,0.922,96.164,0.049,0.029,0.881,0.102,0.807,0.101,0.926,0.099,0.944,0.699,2.109
223346688,290455552,696.753,0.917,96.06,0.044,0.04,0.873,0.097,0.834,0.098,0.913,0.102,0.935,0.704,2.118
223543296,290652160,697.357,0.918,96.648,0.046,0.036,0.885,0.089,0.851,0.102,0.886,0.103,0.937,0.705,2.112
223739904,290848768,697.985,0.923,94.757,0.047,0.03,0.84,0.111,0.845,0.096,0.929,0.102,0.946,0.691,2.117
223936512,291045376,698.616,0.916,94.835,0.045,0.039,0.849,0.106,0.813,0.109,0.948,0.094,0.938,0.691,2.118
224133120,291241984,699.219,0.913,96.952,0.049,0.039,0.826,0.091,0.802,0.105,0.95,0.089,0.936,0.715,2.11
224329728,291438592,699.822,0.91,96.542,0.051,0.038,0.873,0.104,0.887,0.091,0.928,0.101,0.916,0.703,2.111
224526336,291635200,700.426,0.929,92.261,0.038,0.033,0.919,0.104,0.865,0.108,0.906,0.095,0.944,0.694,2.104
224755712,291864576,701.126,0.921,95.495,0.046,0.033,0.86,0.096,0.844,0.094,0.957,0.108,0.935,0.703,2.111
224952320,292061184,701.731,0.926,93.56,0.038,0.036,0.9,0.108,0.89,0.095,0.934,0.107,0.933,0.69,2.103
225083392,292192256,705.733,0.931,94.565,0.036,0.033,0.828,0.096,0.887,0.101,0.956,0.098,0.948,0.706,2.116
225280000,292388864,706.345,0.919,95.214,0.051,0.03,0.856,0.105,0.886,0.102,0.884,0.105,0.939,0.688,2.105
225476608,292585472,706.973,0.929,94.009,0.042,0.029,0.88,0.095,0.895,0.109,0.92,0.095,0.942,0.701,2.105
225673216,292782080,707.575,0.904,97.614,0.052,0.044,0.852,0.094,0.881,0.097,0.93,0.106,0.911,0.703,2.115
225869824,292978688,708.183,0.93,93.237,0.036,0.034,0.877,0.1,0.838,0.112,0.906,0.106,0.957,0.682,2.11
226066432,293175296,708.79,0.922,95.417,0.042,0.036,0.883,0.091,0.86,0.103,0.937,0.1,0.934,0.706,2.114
226295808,293404672,709.487,0.913,95.36,0.05,0.037,0.87,0.106,0.886,0.096,0.919,0.088,0.923,0.71,2.118
226492416,293601280,710.104,0.918,94.321,0.046,0.036,0.886,0.097,0.853,0.091,0.911,0.102,0.931,0.71,2.117
226689024,293797888,710.726,0.937,94.863,0.037,0.026,0.887,0.099,0.907,0.094,0.905,0.097,0.952,0.71,2.112
226885632,293994496,711.327,0.922,95.595,0.045,0.033,0.848,0.099,0.883,0.099,0.902,0.099,0.941,0.703,2.115
227082240,294191104,711.934,0.912,96.203,0.049,0.039,0.882,0.087,0.854,0.103,0.883,0.1,0.929,0.709,2.111
227278848,294387712,712.54,0.915,95.677,0.049,0.037,0.871,0.103,0.852,0.103,0.887,0.095,0.934,0.699,2.113
227475456,294584320,713.166,0.924,94.929,0.048,0.028,0.863,0.098,0.893,0.099,0.897,0.093,0.94,0.71,2.111
227672064,294780928,713.788,0.926,93.848,0.043,0.031,0.908,0.105,0.851,0.094,0.933,0.101,0.937,0.7,2.109
227868672,294977536,714.421,0.924,95.15,0.045,0.031,0.869,0.103,0.852,0.098,0.939,0.094,0.94,0.705,2.116
228065280,295174144,715.049,0.889,98.934,0.062,0.049,0.836,0.086,0.872,0.102,0.879,0.116,0.9,0.695,2.114
228261888,295370752,715.663,0.918,94.944,0.045,0.037,0.868,0.109,0.868,0.092,0.958,0.103,0.927,0.696,2.105
228458496,295567360,716.279,0.921,95.069,0.046,0.033,0.875,0.108,0.868,0.099,0.927,0.086,0.934,0.707,2.109
228655104,295763968,716.91,0.916,94.828,0.045,0.039,0.898,0.1,0.885,0.101,0.907,0.094,0.924,0.705,2.111
228851712,295960576,717.527,0.912,94.565,0.049,0.039,0.873,0.11,0.842,0.103,0.918,0.099,0.928,0.687,2.107
229048320,296157184,718.131,0.914,95.183,0.042,0.044,0.899,0.091,0.821,0.108,0.907,0.124,0.933,0.677,2.121
229244928,296353792,718.76,0.92,95.05,0.047,0.034,0.884,0.104,0.872,0.095,0.911,0.109,0.933,0.692,2.11
229441536,296550400,719.379,0.926,92.985,0.044,0.03,0.866,0.109,0.848,0.105,0.962,0.098,0.943,0.688,2.109
229638144,296747008,719.979,0.925,95.265,0.038,0.036,0.907,0.104,0.897,0.099,0.947,0.091,0.929,0.705,2.109
229834752,296943616,720.579,0.912,97.3,0.046,0.041,0.889,0.098,0.873,0.101,0.946,0.1,0.916,0.701,2.115
230031360,297140224,721.182,0.915,93.436,0.051,0.035,0.843,0.105,0.877,0.108,0.905,0.095,0.933,0.692,2.111
230227968,297336832,721.784,0.932,92.208,0.04,0.028,0.855,0.107,0.835,0.108,0.929,0.112,0.96,0.674,2.108
230424576,297533440,722.389,0.92,94.367,0.047,0.032,0.842,0.107,0.832,0.095,0.951,0.089,0.94,0.708,2.104
230653952,297762816,723.088,0.918,96.053,0.046,0.036,0.875,0.093,0.888,0.104,0.932,0.093,0.926,0.71,2.113
230850560,297959424,723.704,0.921,95.802,0.045,0.034,0.859,0.107,0.865,0.101,0.931,0.099,0.937,0.693,2.107
231047168,298156032,724.322,0.925,96.615,0.044,0.031,0.865,0.094,0.871,0.092,0.938,0.103,0.938,0.711,2.108
231276544,298385408,725.022,0.914,97.155,0.044,0.042,0.886,0.103,0.868,0.096,0.926,0.091,0.923,0.71,2.108
231473152,298582016,725.624,0.928,93.71,0.044,0.029,0.894,0.095,0.867,0.108,0.906,0.097,0.945,0.7,2.107
231669760,298778624,726.229,0.914,95.354,0.057,0.03,0.863,0.091,0.815,0.098,0.894,0.099,0.936,0.711,2.11
231866368,298975232,726.845,0.921,93.539,0.048,0.031,0.853,0.099,0.893,0.108,0.942,0.1,0.932,0.694,2.11
232095744,299204608,727.544,0.921,94.321,0.045,0.035,0.839,0.104,0.823,0.102,0.928,0.096,0.946,0.698,2.114
232292352,299401216,728.157,0.918,94.069,0.044,0.038,0.886,0.11,0.821,0.112,0.934,0.094,0.937,0.685,2.108
232488960,299597824,728.76,0.916,97.548,0.049,0.035,0.825,0.1,0.832,0.092,0.931,0.108,0.938,0.701,2.107
232685568,299794432,729.362,0.914,96.814,0.047,0.039,0.85,0.092,0.883,0.096,0.912,0.089,0.926,0.724,2.108
232882176,299991040,729.965,0.923,92.754,0.046,0.031,0.867,0.096,0.848,0.121,0.943,0.092,0.941,0.692,2.11
233078784,300187648,730.566,0.917,94.272,0.044,0.039,0.863,0.109,0.868,0.105,0.929,0.102,0.931,0.684,2.11
233275392,300384256,731.169,0.921,94.895,0.044,0.035,0.867,0.094,0.846,0.103,0.893,0.099,0.943,0.704,2.11
233472000,300580864,731.783,0.914,94.092,0.055,0.031,0.861,0.1,0.865,0.107,0.924,0.095,0.927,0.697,2.108
233701376,300810240,732.485,0.908,95.667,0.052,0.04,0.903,0.099,0.864,0.101,0.873,0.104,0.92,0.696,2.109
233897984,301006848,733.097,0.923,94.667,0.047,0.029,0.867,0.105,0.867,0.094,0.925,0.096,0.939,0.705,2.105
234094592,301203456,733.7,0.919,96.371,0.041,0.04,0.879,0.102,0.856,0.095,0.952,0.102,0.929,0.702,2.111
234291200,301400064,734.305,0.921,96.7,0.039,0.039,0.832,0.09,0.855,0.104,0.915,0.092,0.943,0.714,2.104
234520576,301629440,735.005,0.899,96.6,0.049,0.052,0.848,0.108,0.843,0.092,0.915,0.109,0.912,0.691,2.122
234717184,301826048,735.626,0.914,96.357,0.048,0.037,0.869,0.086,0.851,0.102,0.884,0.092,0.933,0.72,2.109
234913792,302022656,736.239,0.935,95.604,0.036,0.029,0.867,0.096,0.921,0.087,0.955,0.108,0.943,0.709,2.111
235110400,302219264,736.841,0.902,98.362,0.057,0.041,0.851,0.097,0.815,0.097,0.907,0.097,0.92,0.708,2.12
235307008,302415872,737.445,0.889,99.988,0.056,0.055,0.816,0.11,0.88,0.084,0.882,0.095,0.903,0.712,2.115
235470848,302579712,741.537,0.932,93.91,0.041,0.028,0.828,0.11,0.886,0.106,0.948,0.099,0.953,0.685,2.11
235667456,302776320,742.148,0.906,97.227,0.054,0.04,0.831,0.097,0.847,0.094,0.906,0.095,0.924,0.714,2.114
235864064,302972928,742.754,0.915,92.545,0.051,0.033,0.894,0.102,0.851,0.107,0.922,0.108,0.927,0.684,2.114
236060672,303169536,743.366,0.921,96.691,0.047,0.032,0.926,0.08,0.843,0.107,0.908,0.096,0.934,0.716,2.102
236257280,303366144,743.967,0.902,95.793,0.049,0.049,0.894,0.095,0.838,0.11,0.91,0.102,0.912,0.692,2.116
236453888,303562752,744.574,0.916,95.618,0.046,0.038,0.888,0.1,0.839,0.094,0.928,0.115,0.928,0.69,2.103
236650496,303759360,745.186,0.928,92.891,0.041,0.031,0.876,0.103,0.834,0.111,0.928,0.098,0.952,0.687,2.107
236847104,303955968,745.789,0.912,94.196,0.047,0.042,0.919,0.112,0.817,0.091,0.9,0.109,0.925,0.687,2.115
237043712,304152576,746.398,0.907,96.744,0.052,0.041,0.889,0.093,0.862,0.1,0.877,0.1,0.92,0.707,2.111
237240320,304349184,747.009,0.93,95.188,0.04,0.03,0.889,0.101,0.884,0.093,0.936,0.091,0.941,0.715,2.114
237436928,304545792,747.623,0.91,97.629,0.046,0.045,0.878,0.09,0.859,0.102,0.925,0.1,0.919,0.709,2.118
237633536,304742400,748.252,0.925,92.904,0.044,0.031,0.884,0.093,0.907,0.101,0.928,0.104,0.933,0.702,2.108
237830144,304939008,748.853,0.931,94.523,0.041,0.028,0.873,0.098,0.851,0.103,0.973,0.108,0.945,0.691,2.109
238026752,305135616,749.458,0.908,94.716,0.049,0.042,0.882,0.106,0.855,0.103,0.904,0.1,0.921,0.691,2.114
238223360,305332224,750.074,0.909,96.158,0.043,0.048,0.806,0.094,0.85,0.105,0.9,0.103,0.933,0.698,2.117
238419968,305528832,750.677,0.888,98.248,0.063,0.049,0.9,0.095,0.777,0.096,0.846,0.113,0.908,0.695,2.117
238616576,305725440,751.28,0.914,94.454,0.049,0.038,0.855,0.105,0.856,0.106,0.904,0.094,0.933,0.695,2.109
238813184,305922048,751.884,0.918,93.896,0.045,0.037,0.819,0.106,0.89,0.101,0.915,0.107,0.938,0.686,2.104
239042560,306151424,752.586,0.918,93.062,0.05,0.033,0.866,0.099,0.822,0.111,0.929,0.108,0.939,0.682,2.115
239239168,306348032,753.188,0.915,95.288,0.052,0.033,0.87,0.106,0.859,0.1,0.903,0.101,0.932,0.693,2.111
239468544,306577408,753.887,0.921,94.606,0.045,0.034,0.855,0.097,0.865,0.101,0.93,0.095,0.936,0.707,2.108
239665152,306774016,754.49,0.924,94.643,0.036,0.04,0.87,0.104,0.897,0.098,0.938,0.101,0.934,0.697,2.114
239861760,306970624,755.094,0.931,93.734,0.04,0.029,0.868,0.094,0.851,0.096,0.929,0.101,0.951,0.709,2.097
240058368,307167232,755.71,0.923,94.338,0.043,0.033,0.862,0.104,0.893,0.103,0.913,0.088,0.938,0.706,2.111
240254976,307363840,756.315,0.913,97.495,0.04,0.048,0.828,0.101,0.838,0.095,0.928,0.103,0.933,0.701,2.115
240451584,307560448,756.917,0.925,95.109,0.038,0.036,0.879,0.1,0.811,0.1,0.967,0.088,0.943,0.712,2.116
240648192,307757056,757.522,0.919,93.584,0.046,0.035,0.857,0.1,0.862,0.107,0.928,0.099,0.936,0.694,2.109
240844800,307953664,758.136,0.91,97.29,0.049,0.041,0.877,0.102,0.828,0.096,0.937,0.095,0.922,0.708,2.106
241041408,308150272,758.738,0.909,94.327,0.049,0.042,0.827,0.097,0.87,0.115,0.936,0.112,0.923,0.677,2.12
241238016,308346880,759.341,0.91,96.165,0.044,0.046,0.828,0.099,0.851,0.107,0.915,0.104,0.929,0.69,2.128
241467392,308576256,760.041,0.923,96.358,0.043,0.034,0.851,0.093,0.87,0.1,0.927,0.104,0.94,0.703,2.117
241664000,308772864,760.646,0.891,99.01,0.065,0.043,0.868,0.096,0.825,0.084,0.914,0.094,0.899,0.726,2.115
241860608,308969472,761.246,0.906,94.964,0.057,0.038,0.826,0.105,0.805,0.114,0.938,0.086,0.931,0.695,2.119
242057216,309166080,761.849,0.919,92.237,0.045,0.036,0.907,0.116,0.827,0.108,0.912,0.101,0.936,0.675,2.111
242253824,309362688,762.449,0.921,96.106,0.043,0.036,0.859,0.094,0.882,0.103,0.904,0.097,0.937,0.706,2.107
242450432,309559296,763.049,0.91,93.482,0.052,0.038,0.879,0.106,0.829,0.111,0.938,0.099,0.924,0.684,2.106
242647040,309755904,763.664,0.913,96.605,0.047,0.04,0.864,0.094,0.81,0.103,0.919,0.11,0.935,0.693,2.12
242843648,309952512,764.267,0.922,94.515,0.047,0.031,0.893,0.094,0.84,0.114,0.957,0.101,0.935,0.691,2.115
243040256,310149120,764.873,0.908,94.829,0.058,0.034,0.866,0.101,0.871,0.119,0.881,0.097,0.925,0.683,2.114
243236864,310345728,765.482,0.923,94.167,0.042,0.035,0.873,0.105,0.859,0.105,0.927,0.104,0.94,0.685,2.121
243433472,310542336,766.121,0.923,92.939,0.046,0.032,0.856,0.098,0.867,0.113,0.936,0.104,0.94,0.685,2.111
243630080,310738944,766.721,0.928,94.363,0.044,0.028,0.88,0.109,0.867,0.098,0.939,0.103,0.943,0.69,2.111
243826688,310935552,767.322,0.911,95.892,0.047,0.042,0.864,0.097,0.907,0.104,0.891,0.098,0.921,0.701,2.114
244023296,311132160,767.94,0.923,94.648,0.044,0.033,0.885,0.101,0.835,0.103,0.944,0.086,0.939,0.71,2.118
244219904,311328768,768.545,0.926,95.63,0.046,0.029,0.848,0.093,0.841,0.104,0.937,0.092,0.947,0.712,2.11
244416512,311525376,769.146,0.907,96.493,0.058,0.035,0.886,0.103,0.783,0.092,0.929,0.11,0.923,0.695,2.109
244613120,311721984,769.76,0.92,96.565,0.043,0.037,0.872,0.092,0.889,0.106,0.945,0.099,0.927,0.703,2.108
244842496,311951360,770.46,0.9,96.605,0.058,0.043,0.843,0.108,0.828,0.096,0.894,0.099,0.919,0.697,2.117
245039104,312147968,771.075,0.914,93.388,0.047,0.038,0.883,0.109,0.869,0.112,0.943,0.091,0.923,0.688,2.113
245235712,312344576,771.679,0.916,95.268,0.047,0.037,0.868,0.107,0.861,0.101,0.944,0.104,0.928,0.689,2.114
245432320,312541184,772.297,0.906,93.906,0.057,0.037,0.886,0.105,0.79,0.124,0.896,0.088,0.932,0.683,2.116
245628928,312737792,772.897,0.906,97.636,0.05,0.044,0.86,0.092,0.836,0.112,0.897,0.101,0.924,0.696,2.109
245825536,312934400,773.5,0.915,95.179,0.043,0.042,0.899,0.105,0.83,0.1,0.907,0.094,0.931,0.702,2.117
245891072,312999936,777.288,0.941,91.942,0.032,0.027,0.913,0.097,0.862,0.112,0.928,0.097,0.96,0.694,2.118
246087680,313196544,777.905,0.919,95.522,0.043,0.038,0.894,0.105,0.826,0.095,0.926,0.092,0.934,0.708,2.116
246284288,313393152,778.506,0.922,96.484,0.031,0.046,0.896,0.104,0.821,0.109,0.922,0.095,0.943,0.692,2.123
246480896,313589760,779.109,0.91,95.094,0.049,0.04,0.815,0.097,0.833,0.105,0.923,0.101,0.933,0.698,2.114
246677504,313786368,779.727,0.928,93.364,0.04,0.032,0.899,0.099,0.883,0.102,0.928,0.093,0.938,0.706,2.112
246874112,313982976,780.331,0.901,95.635,0.053,0.045,0.865,0.112,0.839,0.102,0.896,0.103,0.917,0.683,2.126
247070720,314179584,780.95,0.927,93.25,0.04,0.032,0.883,0.101,0.853,0.103,0.911,0.101,0.947,0.694,2.115
247267328,314376192,781.556,0.916,97.236,0.046,0.038,0.855,0.102,0.864,0.091,0.906,0.104,0.934,0.703,2.118
247463936,314572800,782.175,0.918,95.308,0.048,0.034,0.849,0.103,0.868,0.099,0.946,0.108,0.93,0.691,2.113
247660544,314769408,782.778,0.917,96.504,0.041,0.043,0.866,0.106,0.863,0.103,0.922,0.1,0.932,0.691,2.109
247857152,314966016,783.38,0.922,96.255,0.044,0.034,0.9,0.083,0.849,0.091,0.932,0.101,0.932,0.726,2.109
248086528,315195392,784.075,0.93,92.453,0.036,0.034,0.906,0.12,0.861,0.093,0.927,0.089,0.944,0.697,2.115
248283136,315392000,784.688,0.924,92.855,0.043,0.033,0.928,0.092,0.854,0.11,0.955,0.106,0.93,0.692,2.112
248479744,315588608,785.291,0.922,94.446,0.043,0.034,0.891,0.102,0.902,0.099,0.906,0.107,0.932,0.692,2.105
248676352,315785216,785.893,0.92,95.159,0.047,0.034,0.866,0.09,0.845,0.099,0.921,0.098,0.937,0.713,2.113
248872960,315981824,786.494,0.926,94.9,0.041,0.034,0.874,0.084,0.877,0.102,0.96,0.097,0.934,0.716,2.118
249069568,316178432,787.095,0.911,94.871,0.048,0.041,0.87,0.099,0.846,0.106,0.906,0.092,0.928,0.703,2.125
249266176,316375040,787.697,0.913,96.969,0.046,0.041,0.891,0.091,0.814,0.099,0.93,0.106,0.927,0.703,2.124
249462784,316571648,788.3,0.92,94.802,0.041,0.039,0.882,0.09,0.855,0.107,0.924,0.102,0.935,0.7,2.117
249659392,316768256,788.902,0.916,95.3,0.049,0.035,0.856,0.101,0.852,0.094,0.923,0.094,0.932,0.711,2.121
249856000,316964864,789.504,0.917,94.319,0.045,0.038,0.86,0.109,0.814,0.1,0.939,0.102,0.938,0.69,2.116
250052608,317161472,790.108,0.923,92.816,0.044,0.033,0.853,0.109,0.893,0.106,0.908,0.112,0.941,0.673,2.117
250281984,317390848,790.808,0.896,96.165,0.06,0.044,0.878,0.097,0.815,0.098,0.897,0.095,0.91,0.711,2.119
250511360,317620224,791.508,0.925,95.395,0.041,0.034,0.871,0.084,0.893,0.102,0.94,0.104,0.933,0.71,2.108
250707968,317816832,792.124,0.908,96.105,0.056,0.036,0.884,0.096,0.841,0.095,0.924,0.102,0.919,0.706,2.114
250904576,318013440,792.727,0.929,93.92,0.038,0.032,0.864,0.105,0.855,0.102,0.911,0.091,0.953,0.702,2.111
251101184,318210048,793.329,0.916,95.351,0.046,0.038,0.85,0.103,0.854,0.099,0.951,0.098,0.93,0.7,2.116
251297792,318406656,793.932,0.914,95.798,0.049,0.037,0.853,0.097,0.838,0.1,0.936,0.1,0.93,0.703,2.117
251494400,318603264,794.534,0.912,95.733,0.05,0.038,0.876,0.102,0.853,0.102,0.922,0.087,0.924,0.709,2.124
251691008,318799872,795.135,0.926,96.428,0.039,0.035,0.883,0.093,0.859,0.101,0.924,0.097,0.941,0.709,2.111
251887616,318996480,795.736,0.903,94.817,0.06,0.037,0.853,0.109,0.857,0.101,0.901,0.087,0.918,0.703,2.113
252084224,319193088,796.338,0.921,90.411,0.055,0.024,0.897,0.108,0.852,0.105,0.932,0.095,0.934,0.693,2.107
252280832,319389696,796.941,0.927,96.356,0.036,0.037,0.896,0.094,0.848,0.099,0.941,0.091,0.94,0.716,2.119
252477440,319586304,797.546,0.903,93.79,0.059,0.038,0.831,0.112,0.847,0.093,0.886,0.104,0.924,0.691,2.115
252706816,319815680,798.246,0.913,95.412,0.046,0.041,0.871,0.104,0.866,0.106,0.884,0.097,0.93,0.694,2.112
252903424,320012288,798.849,0.92,94.405,0.047,0.033,0.874,0.107,0.9,0.091,0.947,0.09,0.926,0.711,2.111
253100032,320208896,799.466,0.915,97.772,0.043,0.041,0.896,0.101,0.854,0.092,0.901,0.101,0.928,0.706,2.12
253296640,320405504,800.069,0.917,96.112,0.043,0.04,0.885,0.111,0.863,0.09,0.921,0.093,0.928,0.707,2.119
253493248,320602112,800.67,0.92,96.218,0.042,0.038,0.874,0.104,0.84,0.088,0.898,0.096,0.94,0.712,2.117
253689856,320798720,801.273,0.918,95.917,0.047,0.035,0.896,0.094,0.845,0.092,0.898,0.101,0.933,0.713,2.114
253886464,320995328,801.875,0.926,94.887,0.042,0.033,0.876,0.097,0.847,0.107,0.947,0.101,0.942,0.695,2.111
254083072,321191936,802.476,0.909,97.998,0.049,0.042,0.86,0.096,0.828,0.107,0.911,0.089,0.928,0.708,2.117
254312448,321421312,803.165,0.925,94.135,0.044,0.031,0.876,0.099,0.878,0.104,0.949,0.097,0.936,0.7,2.112
254509056,321617920,803.767,0.899,98.824,0.054,0.047,0.809,0.095,0.819,0.097,0.895,0.111,0.922,0.697,2.124
254705664,321814528,804.372,0.928,95.048,0.039,0.033,0.851,0.094,0.868,0.11,0.954,0.105,0.944,0.691,2.112
254935040,322043904,805.065,0.891,97.701,0.063,0.046,0.86,0.098,0.832,0.102,0.895,0.098,0.903,0.703,2.114
255164416,322273280,805.755,0.9,94.968,0.058,0.042,0.853,0.098,0.789,0.111,0.889,0.104,0.927,0.688,2.119
255393792,322502656,806.43,0.918,94.3,0.052,0.031,0.839,0.104,0.833,0.1,0.953,0.104,0.937,0.691,2.112
255623168,322732032,807.098,0.912,95.864,0.05,0.037,0.841,0.106,0.859,0.095,0.907,0.094,0.931,0.705,2.119
255852544,322961408,807.788,0.911,95.724,0.047,0.042,0.886,0.099,0.831,0.102,0.908,0.109,0.927,0.691,2.111
256081920,323190784,808.457,0.913,93.235,0.044,0.042,0.851,0.106,0.807,0.11,0.912,0.101,0.94,0.683,2.111
256311296,323420160,809.117,0.922,94.722,0.045,0.033,0.886,0.094,0.846,0.102,0.898,0.101,0.942,0.703,2.116
256475136,323584000,813.175,0.89,97.702,0.059,0.05,0.853,0.098,0.843,0.1,0.885,0.094,0.903,0.708,2.117
256704512,323813376,813.831,0.893,96.648,0.063,0.044,0.854,0.099,0.852,0.1,0.896,0.089,0.904,0.712,2.124
256933888,324042752,814.513,0.893,97.27,0.05,0.057,0.842,0.098,0.868,0.108,0.889,0.106,0.904,0.688,2.123
257130496,324239360,815.122,0.921,94.263,0.045,0.034,0.886,0.097,0.852,0.107,0.942,0.091,0.934,0.705,2.114
257359872,324468736,815.799,0.917,94.293,0.046,0.038,0.847,0.096,0.835,0.104,0.924,0.102,0.937,0.697,2.116
257589248,324698112,816.451,0.915,95.724,0.042,0.043,0.861,0.099,0.808,0.101,0.92,0.099,0.938,0.701,2.119
257818624,324927488,817.117,0.92,93.477,0.048,0.032,0.901,0.103,0.871,0.107,0.947,0.107,0.927,0.684,2.111
258048000,325156864,817.792,0.923,93.889,0.045,0.031,0.9,0.099,0.901,0.096,0.923,0.102,0.93,0.703,2.11
258277376,325386240,818.462,0.917,95.993,0.05,0.033,0.825,0.09,0.893,0.105,0.943,0.109,0.928,0.696,2.117
258506752,325615616,819.112,0.91,94.053,0.052,0.038,0.872,0.112,0.88,0.095,0.933,0.097,0.917,0.696,2.118
258736128,325844992,819.778,0.926,92.784,0.045,0.029,0.87,0.102,0.892,0.101,0.955,0.099,0.936,0.697,2.122
258965504,326074368,820.433,0.924,96.258,0.038,0.039,0.869,0.102,0.861,0.096,0.941,0.092,0.938,0.71,2.12
259194880,326303744,821.114,0.915,93.548,0.051,0.034,0.873,0.097,0.856,0.1,0.933,0.099,0.926,0.704,2.118
259424256,326533120,821.803,0.898,95.665,0.056,0.046,0.864,0.11,0.854,0.097,0.873,0.105,0.914,0.687,2.123
259653632,326762496,822.472,0.921,96.524,0.045,0.034,0.905,0.101,0.842,0.088,0.925,0.096,0.932,0.715,2.122
259883008,326991872,823.158,0.917,94.153,0.056,0.027,0.89,0.093,0.819,0.101,0.931,0.101,0.933,0.705,2.112
260079616,327188480,823.764,0.916,93.665,0.048,0.036,0.85,0.108,0.858,0.101,0.947,0.1,0.93,0.69,2.117
260276224,327385088,824.369,0.892,95.446,0.057,0.051,0.854,0.103,0.849,0.093,0.908,0.094,0.901,0.71,2.125
260472832,327581696,824.99,0.92,94.971,0.044,0.036,0.863,0.109,0.862,0.101,0.93,0.09,0.936,0.7,2.12
260669440,327778304,825.592,0.911,96.069,0.053,0.037,0.857,0.097,0.88,0.108,0.927,0.096,0.921,0.699,2.113
260898816,328007680,826.279,0.914,95.002,0.045,0.041,0.806,0.101,0.887,0.115,0.924,0.092,0.933,0.691,2.12
261128192,328237056,826.97,0.907,96.302,0.051,0.042,0.863,0.089,0.846,0.104,0.92,0.105,0.92,0.702,2.12
261324800,328433664,827.57,0.923,95.185,0.036,0.041,0.911,0.093,0.829,0.111,0.911,0.098,0.941,0.698,2.124
261554176,328663040,828.249,0.925,95.135,0.045,0.03,0.871,0.1,0.858,0.097,0.956,0.095,0.938,0.709,2.118
261783552,328892416,828.911,0.927,93.668,0.045,0.028,0.883,0.104,0.901,0.107,0.932,0.096,0.937,0.693,2.112
262012928,329121792,829.57,0.923,95.514,0.047,0.03,0.859,0.097,0.813,0.097,0.91,0.097,0.948,0.709,2.116
262242304,329351168,830.232,0.909,96.158,0.055,0.036,0.87,0.104,0.845,0.1,0.942,0.094,0.919,0.701,2.116
262471680,329580544,830.923,0.908,93.777,0.059,0.032,0.85,0.1,0.838,0.11,0.902,0.099,0.929,0.691,2.112
262701056,329809920,831.579,0.918,93.957,0.044,0.038,0.886,0.102,0.847,0.108,0.915,0.098,0.934,0.693,2.124
262930432,330039296,832.245,0.914,95.997,0.046,0.041,0.896,0.104,0.909,0.096,0.895,0.096,0.92,0.704,2.115
263159808,330268672,832.907,0.91,98.346,0.043,0.046,0.836,0.102,0.878,0.095,0.912,0.107,0.926,0.696,2.123
263389184,330498048,833.583,0.918,95.87,0.049,0.032,0.866,0.093,0.901,0.093,0.911,0.099,0.928,0.715,2.104
263618560,330727424,834.249,0.917,95.359,0.049,0.034,0.877,0.095,0.842,0.1,0.933,0.093,0.931,0.712,2.11
263847936,330956800,834.925,0.919,93.979,0.047,0.034,0.876,0.102,0.88,0.102,0.929,0.104,0.93,0.691,2.115
264077312,331186176,835.604,0.906,95.074,0.057,0.036,0.837,0.101,0.865,0.095,0.9,0.1,0.922,0.704,2.121
264306688,331415552,836.258,0.87,98.693,0.072,0.058,0.842,0.104,0.848,0.1,0.871,0.104,0.877,0.693,2.124
264536064,331644928,836.934,0.919,93.502,0.049,0.033,0.869,0.099,0.858,0.103,0.934,0.111,0.932,0.686,2.115
264732672,331841536,837.558,0.917,94.516,0.049,0.034,0.85,0.098,0.833,0.112,0.941,0.105,0.937,0.685,2.117
264929280,332038144,838.159,0.922,95.124,0.044,0.034,0.863,0.1,0.819,0.097,0.908,0.101,0.946,0.702,2.116
265158656,332267520,838.836,0.916,96.388,0.04,0.044,0.859,0.092,0.859,0.107,0.924,0.104,0.931,0.697,2.111
265388032,332496896,839.503,0.921,94.358,0.044,0.034,0.845,0.096,0.882,0.101,0.909,0.105,0.94,0.698,2.117
265617408,332726272,840.15,0.919,95.431,0.041,0.04,0.87,0.103,0.842,0.105,0.935,0.09,0.936,0.702,2.119
265846784,332955648,840.808,0.911,95.436,0.049,0.04,0.871,0.104,0.835,0.101,0.919,0.103,0.926,0.692,2.123
266076160,333185024,841.476,0.927,93.454,0.044,0.03,0.901,0.103,0.835,0.094,0.955,0.1,0.939,0.703,2.117
266305536,333414400,842.159,0.909,95.414,0.051,0.04,0.871,0.097,0.827,0.111,0.898,0.102,0.929,0.69,2.119
266534912,333643776,842.844,0.914,96.216,0.05,0.036,0.863,0.105,0.899,0.092,0.936,0.106,0.92,0.697,2.113
266731520,333840384,843.458,0.93,93.518,0.037,0.033,0.901,0.109,0.852,0.105,0.923,0.086,0.947,0.7,2.112
266960896,334069760,844.145,0.905,94.209,0.049,0.046,0.91,0.105,0.846,0.099,0.905,0.116,0.912,0.68,2.126
267190272,334299136,844.819,0.922,96.5,0.037,0.041,0.86,0.1,0.809,0.093,0.928,0.1,0.945,0.706,2.114
267386880,334495744,848.99,0.904,99.718,0.04,0.056,0.853,0.092,0.851,0.087,0.919,0.099,0.915,0.721,2.121
267616256,334725120,849.665,0.91,96.691,0.047,0.043,0.867,0.099,0.839,0.095,0.892,0.102,0.928,0.704,2.122
267845632,334954496,850.315,0.898,95.597,0.064,0.038,0.858,0.094,0.851,0.106,0.867,0.107,0.915,0.693,2.116
268075008,335183872,850.971,0.917,95.757,0.045,0.038,0.859,0.098,0.845,0.102,0.919,0.098,0.935,0.702,2.12
268304384,335413248,851.646,0.898,97.944,0.048,0.053,0.87,0.098,0.792,0.106,0.902,0.096,0.918,0.7,2.118
268435456,335544320,852.046,0.927,93.479,0.049,0.024,0.836,0.096,0.867,0.103,0.92,0.108,0.949,0.693,2.111
